VendorID,tpep_pickup_datetime,tpep_dropoff_datetime,passenger_count,trip_distance,pickup_longitude,pickup_latitude,RatecodeID,store_and_fwd_flag,dropoff_longitude,dropoff_latitude,payment_type,fare_amount,extra,mta_tax,tip_amount,tolls_amount,improvement_surcharge,total_amount
1,2016-06-01 08:00:00,2016-06-01 08:00:37,1,1.3,-73.9803543091,40.745803833,1,N,-73.9815292358,40.7464370728,1,2.5,0.0,0.5,0.65,0.0,0.3,3.95
2,2016-06-01 08:00:00,2016-06-01 08:08:08,2,1.39,-73.9750595093,40.7903404236,1,N,-73.9702987671,40.7839012146,1,7.5,0.0,0.5,1.66,0.0,0.3,9.96
2,2016-06-01 08:00:00,2016-06-01 08:11:48,6,0.72,-73.9735641479,40.7610054016,1,N,-73.9818572998,40.76587677,2,8.5,0.0,0.5,0.0,0.0,0.3,9.3
2,2016-06-01 08:00:00,2016-06-01 08:14:35,1,2.31,-74.0001983643,40.7421913147,1,N,-73.9733810425,40.7550811768,1,11.0,0.0,0.5,1.0,0.0,0.3,12.8
2,2016-06-01 08:00:00,2016-06-01 08:05:22,1,0.66,-73.982131958,40.7702903748,1,N,-73.9872894287,40.7789115906,2,5.5,0.0,0.5,0.0,0.0,0.3,6.3
2,2016-06-01 08:00:00,2016-06-01 08:06:23,1,0.72,-73.9721298218,40.7535629272,1,N,-73.9841842651,40.7587013245,1,6.0,0.0,0.5,0.5,0.0,0.3,7.3
1,2016-06-01 08:00:01,2016-06-01 08:14:07,1,2.0,-73.9563064575,40.7677993774,1,N,-73.967918396,40.7873954773,1,11.0,0.0,0.5,2.35,0.0,0.3,14.15
1,2016-06-01 08:00:01,2016-06-01 08:08:48,1,1.2,-73.9799957275,40.7455787659,1,N,-73.9910049438,40.7314796448,1,7.5,0.0,0.5,2.05,0.0,0.3,10.35
2,2016-06-01 08:00:01,2016-06-01 08:15:15,1,2.15,-73.9640884399,40.7763938904,1,N,-73.9664077759,40.7907447815,2,11.5,0.0,0.5,0.0,0.0,0.3,12.3
2,2016-06-01 08:00:01,2016-06-01 08:12:37,2,0.84,-73.9823913574,40.7684860229,1,N,-73.9902801514,40.7718162537,1,9.0,0.0,0.5,1.96,0.0,0.3,11.76
2,2016-06-01 08:00:01,2016-06-01 08:27:38,3,4.69,-74.0053100586,40.7068824768,1,N,-73.9954681396,40.7439918518,1,21.0,0.0,0.5,4.36,0.0,0.3,26.16
2,2016-06-01 08:00:01,2016-06-01 08:01:05,1,0.42,-74.0016403198,40.7408905029,1,N,-73.9970626831,40.7470588684,2,3.5,0.0,0.5,0.0,0.0,0.3,4.3
2,2016-06-01 08:00:01,2016-06-01 08:15:53,1,2.31,-73.9928436279,40.7426795959,1,N,-73.9693069458,40.7638397217,1,12.0,0.0,0.5,1.0,0.0,0.3,13.8
1,2016-06-01 08:00:02,2016-06-01 08:25:32,1,7.1,-73.9601516724,40.7619361877,1,N,-74.0152740479,40.7112579346,1,26.5,0.0,0.5,5.45,0.0,0.3,32.75
1,2016-06-01 08:00:02,2016-06-01 08:37:27,1,14.6,-73.9881057739,40.7187728882,1,N,-73.8610534668,40.8552284241,2,43.5,0.0,0.5,0.0,0.0,0.3,44.3
1,2016-06-01 08:00:02,2016-06-01 08:05:37,1,0.7,-73.9730987549,40.7444953918,1,N,-73.9769821167,40.751750946,1,5.5,0.0,0.5,0.95,0.0,0.3,7.25
1,2016-06-01 08:00:02,2016-06-01 08:15:33,1,1.4,-73.966545105,40.7573280334,1,N,-73.9576721191,40.7727546692,1,11.0,0.0,0.5,2.35,0.0,0.3,14.15
2,2016-06-01 08:00:02,2016-06-01 08:07:03,1,1.54,-74.0020980835,40.7092285156,1,N,-74.0179977417,40.7059745789,2,7.5,0.0,0.5,0.0,0.0,0.3,8.3
1,2016-06-01 08:00:03,2016-06-01 08:03:02,1,0.5,-73.987449646,40.7333831787,1,N,-73.9813613892,40.7392692566,2,4.0,0.0,0.5,0.0,0.0,0.3,4.8
2,2016-06-01 08:00:03,2016-06-01 08:12:20,2,1.41,-73.9586715698,40.7783088684,1,N,-73.9559249878,40.7646713257,2,9.0,0.0,0.5,0.0,0.0,0.3,9.8
2,2016-06-01 08:00:03,2016-06-01 08:06:39,1,1.69,-73.9561767578,40.7845115662,1,N,-73.9400024414,40.8046112061,1,7.5,0.0,0.5,1.66,0.0,0.3,9.96
1,2016-06-01 08:00:04,2016-06-01 08:13:34,1,2.3,-74.0080490112,40.7235603333,1,N,-74.0097198486,40.7061004639,1,11.5,0.0,0.5,1.0,0.0,0.3,13.3
1,2016-06-01 08:00:04,2016-06-01 08:08:02,1,0.6,-73.9874420166,40.7760543823,1,N,-73.9847335815,40.7693138123,1,6.5,0.0,0.5,1.45,0.0,0.3,8.75
1,2016-06-01 08:00:05,2016-06-01 08:07:07,1,1.2,-73.9503860474,40.7798995972,1,N,-73.9617538452,40.7642326355,1,7.0,0.0,0.5,1.55,0.0,0.3,9.35
2,2016-06-01 08:00:05,2016-06-01 08:12:49,1,1.15,-73.9725036621,40.7620697021,1,N,-73.986038208,40.7584686279,2,9.5,0.0,0.5,0.0,0.0,0.3,10.3
1,2016-06-01 08:00:06,2016-06-01 08:20:00,1,2.1,-73.957824707,40.7687606812,1,N,-73.9823455811,40.7515258789,2,13.5,0.0,0.5,0.0,0.0,0.3,14.3
1,2016-06-01 08:00:06,2016-06-01 08:12:49,1,1.7,0.0,0.0,1,N,-73.9729156494,40.7575187683,1,9.5,0.0,0.5,3.05,0.0,0.3,13.35
1,2016-06-01 08:00:06,2016-06-01 08:18:51,1,2.4,-73.9677276611,40.803188324,1,N,-73.9569396973,40.7818069458,1,13.5,0.0,0.5,2.85,0.0,0.3,17.15
1,2016-06-01 08:00:06,2016-06-01 08:10:20,1,1.1,-73.9915313721,40.7502250671,1,N,-73.9780960083,40.7529830933,1,8.0,0.0,0.5,2.6,0.0,0.3,11.4
2,2016-06-01 08:00:06,2016-06-01 08:09:03,1,0.96,-73.9812316895,40.7596702576,1,N,-73.9959335327,40.7640609741,1,7.0,0.0,0.5,1.95,0.0,0.3,9.75
2,2016-06-01 08:00:06,2016-06-01 08:18:06,1,2.69,-73.9781494141,40.7526817322,1,N,-74.0054550171,40.7283439636,1,13.5,0.0,0.5,2.86,0.0,0.3,17.16
1,2016-06-01 08:00:07,2016-06-01 08:07:55,2,0.8,-73.9465637207,40.7756156921,1,N,-73.9576950073,40.7824668884,2,6.5,0.0,0.5,0.0,0.0,0.3,7.3
1,2016-06-01 08:00:07,2016-06-01 08:12:33,1,1.2,-73.961265564,40.7607688904,1,N,-73.9781417847,40.7620582581,1,9.0,0.0,0.5,1.2,0.0,0.3,11.0
2,2016-06-01 08:00:07,2016-06-01 08:03:50,1,0.89,-73.9891052246,40.73072052,1,N,-73.9811477661,40.7416687012,2,5.0,0.0,0.5,0.0,0.0,0.3,5.8
1,2016-06-01 08:00:08,2016-06-01 08:19:06,1,6.2,-73.9656982422,40.7546005249,1,N,-74.0080795288,40.7066421509,1,21.5,0.0,0.5,3.33,0.0,0.3,25.63
1,2016-06-01 08:00:08,2016-06-01 08:47:57,1,11.0,-73.8631210327,40.7699317932,1,N,-73.9779815674,40.763168335,1,37.5,0.0,0.5,13.15,5.54,0.3,56.99
2,2016-06-01 08:00:08,2016-06-01 08:12:08,1,1.58,-73.9817428589,40.7799224854,1,N,-73.9804611206,40.7598686218,1,9.5,0.0,0.5,3.09,0.0,0.3,13.39
2,2016-06-01 08:00:08,2016-06-01 08:09:12,2,1.15,-74.0057373047,40.7504005432,1,N,-73.9987487793,40.7400398254,1,7.5,0.0,0.5,1.66,0.0,0.3,9.96
1,2016-06-01 08:00:09,2016-06-01 08:22:20,1,2.2,-73.9705047607,40.7518463135,1,N,-73.9521255493,40.7754707336,2,14.5,0.0,0.5,0.0,0.0,0.3,15.3
1,2016-06-01 08:00:09,2016-06-01 08:06:58,2,0.4,-73.9608078003,40.7781600952,1,N,-73.9566345215,40.7838439941,1,6.0,0.0,0.5,1.7,0.0,0.3,8.5
1,2016-06-01 08:00:09,2016-06-01 08:02:59,1,0.8,-74.0019226074,40.7409362793,1,N,-74.003288269,40.7491493225,1,4.5,0.0,0.5,1.05,0.0,0.3,6.35
1,2016-06-01 08:00:09,2016-06-01 08:05:10,1,0.6,-73.9931411743,40.7629203796,1,N,-73.9824981689,40.7614479065,1,5.5,0.0,0.5,1.25,0.0,0.3,7.55
1,2016-06-01 08:00:09,2016-06-01 08:01:35,1,0.3,-73.9784393311,40.7373161316,1,N,-73.9746856689,40.7419776917,2,3.5,0.0,0.5,0.0,0.0,0.3,4.3
1,2016-06-01 08:00:09,2016-06-01 08:09:36,1,1.2,-73.9657287598,40.7545318604,1,N,-73.9810409546,40.7561149597,1,7.5,0.0,0.5,1.65,0.0,0.3,9.95
2,2016-06-01 08:00:09,2016-06-01 08:08:31,2,1.01,-73.9679031372,40.7602081299,1,N,-73.9588699341,40.7720909119,2,7.0,0.0,0.5,0.0,0.0,0.3,7.8
2,2016-06-01 08:00:09,2016-06-01 08:03:39,1,0.53,-73.9776000977,40.7541694641,1,N,-73.9748535156,40.7602005005,1,4.5,0.0,0.5,1.06,0.0,0.3,6.36
2,2016-06-01 08:00:09,2016-06-01 08:30:28,1,9.15,-73.863494873,40.769569397,1,N,-73.9563827515,40.7791099548,1,29.0,0.0,0.5,8.84,5.54,0.3,44.18
1,2016-06-01 08:00:10,2016-06-01 08:12:37,1,0.8,-73.9832000732,40.7479019165,1,N,-73.9830322266,40.7568359375,1,9.0,0.0,0.5,1.0,0.0,0.3,10.8
2,2016-06-01 08:00:10,2016-06-01 08:10:40,1,1.32,-73.9528198242,40.7863388062,1,N,-73.9592132568,40.7710342407,1,8.5,0.0,0.5,1.86,0.0,0.3,11.16
2,2016-06-01 08:00:10,2016-06-01 08:07:37,1,1.5,-73.9633560181,40.76612854,1,N,-73.9499740601,40.7844429016,1,7.5,0.0,0.5,1.0,0.0,0.3,9.3
2,2016-06-01 08:00:10,2016-06-01 08:21:11,5,2.46,-73.9394607544,40.8481483459,1,N,-73.9153137207,40.8508110046,2,14.5,0.0,0.5,0.0,0.0,0.3,15.3
1,2016-06-01 08:00:11,2016-06-01 08:16:35,1,2.6,-73.9844207764,40.7287635803,1,N,-73.974861145,40.7585029602,1,12.5,0.0,0.5,2.65,0.0,0.3,15.95
1,2016-06-01 08:00:11,2016-06-01 08:27:56,1,3.3,-73.9825210571,40.749546051,1,N,-73.9535751343,40.7881088257,1,18.5,0.0,0.5,3.85,0.0,0.3,23.15
2,2016-06-01 08:00:11,2016-06-01 08:05:44,1,1.03,-73.9212875366,40.7436981201,1,N,-73.9264068604,40.7550201416,2,6.0,0.0,0.5,0.0,0.0,0.3,6.8
2,2016-06-01 08:00:11,2016-06-01 08:21:28,1,3.92,-73.9730377197,40.7902870178,1,N,-73.9412307739,40.8392105103,1,17.5,0.0,0.5,5.49,0.0,0.3,23.79
2,2016-06-01 08:00:12,2016-06-01 08:13:39,2,2.2,-73.9664077759,40.7647018433,1,N,-73.9535980225,40.7881011963,1,11.0,0.0,0.5,2.36,0.0,0.3,14.16
2,2016-06-01 08:00:12,2016-06-01 08:07:52,6,2.89,-73.9833755493,40.72133255,1,N,-73.9757537842,40.7189178467,2,10.5,0.0,0.5,0.0,0.0,0.3,11.3
2,2016-06-01 08:00:12,2016-06-01 08:01:38,2,0.41,-73.9757766724,40.7489929199,1,N,-73.9718856812,40.7544555664,2,3.5,0.0,0.5,0.0,0.0,0.3,4.3
1,2016-06-01 08:00:13,2016-06-01 08:10:39,1,2.3,-73.9705734253,40.7893676758,1,N,-73.9828948975,40.7616233826,1,9.5,0.0,0.5,2.0,0.0,0.3,12.3
1,2016-06-01 08:00:13,2016-06-01 08:19:07,1,1.8,-73.987487793,40.7683258057,1,N,-73.9710083008,40.7522010803,1,12.5,0.0,0.5,3.3,0.0,0.3,16.6
1,2016-06-01 08:00:13,2016-06-01 08:22:20,1,2.7,-73.9498596191,40.7746086121,1,N,-73.9810409546,40.7540473938,2,14.5,0.0,0.5,0.0,0.0,0.3,15.3
2,2016-06-01 08:00:13,2016-06-01 08:16:42,1,7.15,-73.9508056641,40.7713317871,1,N,-74.0048446655,40.7078094482,2,22.0,0.0,0.5,0.0,0.0,0.3,22.8
2,2016-06-01 08:00:13,2016-06-01 08:09:02,2,1.27,-73.9466018677,40.8005218506,1,N,-73.9580230713,40.784778595,1,7.5,0.0,0.5,1.66,0.0,0.3,9.96
2,2016-06-01 08:00:13,2016-06-01 08:11:18,5,1.42,-73.9735565186,40.7555885315,1,N,-73.9562225342,40.7634010315,2,8.5,0.0,0.5,0.0,0.0,0.3,9.3
2,2016-06-01 08:00:13,2016-06-01 08:18:54,1,3.73,-73.9191055298,40.7433738708,1,N,-73.9548492432,40.7655525208,2,16.0,0.0,0.5,0.0,0.0,0.3,16.8
1,2016-06-01 08:00:14,2016-06-01 08:03:22,1,0.3,0.0,0.0,1,N,0.0,0.0,1,4.0,0.0,0.5,3.2,0.0,0.3,8.0
2,2016-06-01 08:00:14,2016-06-01 08:08:30,1,1.52,-73.9898910522,40.7418403625,1,N,-73.9835586548,40.7268714905,1,8.0,0.0,0.5,2.2,0.0,0.3,11.0
2,2016-06-01 08:00:14,2016-06-01 08:03:25,1,0.62,-73.9841842651,40.7435531616,1,N,-73.9789276123,40.7502746582,2,4.5,0.0,0.5,0.0,0.0,0.3,5.3
2,2016-06-01 08:00:14,2016-06-01 08:08:01,3,1.69,-74.0062789917,40.7333297729,1,N,-73.9913330078,40.7547912598,1,7.5,0.0,0.5,1.66,0.0,0.3,9.96
1,2016-06-01 08:00:15,2016-06-01 08:07:44,1,1.0,-73.9497070312,40.7686462402,1,N,-73.9614944458,40.7645339966,1,6.5,0.0,0.5,1.45,0.0,0.3,8.75
1,2016-06-01 08:00:15,2016-06-01 08:06:59,1,0.6,-73.9829864502,40.7650489807,1,N,-73.9927520752,40.7684707642,2,6.0,0.0,0.5,0.0,0.0,0.3,6.8
1,2016-06-01 08:00:15,2016-06-01 08:16:21,2,2.6,-73.9779205322,40.7336578369,1,N,-73.9561691284,40.763633728,1,13.0,0.0,0.5,2.0,0.0,0.3,15.8
1,2016-06-01 08:00:15,2016-06-01 08:18:47,1,2.2,-73.953742981,40.7822113037,1,N,-73.971496582,40.7547836304,1,12.5,0.0,0.5,1.5,0.0,0.3,14.8
2,2016-06-01 08:00:15,2016-06-01 08:13:00,1,1.25,-74.0051879883,40.7462005615,1,N,-73.9865646362,40.7429962158,1,9.5,0.0,0.5,2.06,0.0,0.3,12.36
2,2016-06-01 08:00:15,2016-06-01 08:19:04,5,2.38,-73.9571609497,40.7799606323,1,N,-73.9768371582,40.7502593994,2,13.5,0.0,0.5,0.0,0.0,0.3,14.3
2,2016-06-01 08:00:15,2016-06-01 08:08:06,5,1.52,-74.0039215088,40.7258415222,1,N,-73.9910507202,40.7451591492,1,7.5,0.0,0.5,1.66,0.0,0.3,9.96
2,2016-06-01 08:00:15,2016-06-01 08:10:40,2,1.67,-73.974319458,40.7425308228,1,N,-73.9891967773,40.7565689087,1,9.0,0.0,0.5,1.96,0.0,0.3,11.76
1,2016-06-01 08:00:16,2016-06-01 08:11:13,1,1.2,-74.0059204102,40.7508392334,1,N,-73.9923248291,40.741859436,1,8.5,0.0,0.5,2.3,0.0,0.3,11.6
2,2016-06-01 08:00:16,2016-06-01 08:17:39,1,2.52,-73.992401123,40.7393112183,1,N,-73.9723815918,40.7619552612,1,12.5,0.0,0.5,2.66,0.0,0.3,15.96
2,2016-06-01 08:00:16,2016-06-01 08:50:56,1,12.66,-73.8633499146,40.7700386047,1,N,-73.9749908447,40.7606315613,1,43.5,0.0,0.5,12.46,5.54,0.3,62.3
2,2016-06-01 08:00:16,2016-06-01 08:07:46,1,0.9,-73.989692688,40.7572975159,1,N,-73.9770431519,40.7570457458,2,6.5,0.0,0.5,0.0,0.0,0.3,7.3
2,2016-06-01 08:00:16,2016-06-01 08:14:20,5,1.18,-73.9701538086,40.7571296692,1,N,-73.9560623169,40.7636604309,1,10.0,0.0,0.5,1.94,0.0,0.3,12.74
2,2016-06-01 08:00:16,2016-06-01 08:17:27,6,1.61,-73.9682693481,40.7708892822,1,N,-73.9758605957,40.7515602112,1,12.0,0.0,0.5,1.25,0.0,0.3,14.05
2,2016-06-01 08:00:16,2016-06-01 08:23:23,1,2.33,-73.9789733887,40.7782897949,1,N,-73.9540023804,40.7873764038,1,15.5,0.0,0.5,1.08,0.0,0.3,17.38
1,2016-06-01 08:00:17,2016-06-01 08:06:38,4,1.0,-73.9823303223,40.7766151428,1,N,-73.9704437256,40.7837562561,2,6.5,0.0,0.5,0.0,0.0,0.3,7.3
2,2016-06-01 08:00:17,2016-06-01 08:40:10,1,9.81,-73.9535064697,40.7853851318,1,N,-74.0101928711,40.7214279175,1,35.0,0.0,0.5,7.16,0.0,0.3,42.96
2,2016-06-01 08:00:17,2016-06-01 08:05:56,1,0.87,-73.9909133911,40.7558898926,1,N,-73.9891815186,40.7660293579,1,6.0,0.0,0.5,1.0,0.0,0.3,7.8
1,2016-06-01 08:00:18,2016-06-01 08:17:30,1,2.3,-74.0023880005,40.7292633057,1,N,-73.9893035889,40.7576446533,1,12.5,0.0,0.5,2.65,0.0,0.3,15.95
2,2016-06-01 08:00:18,2016-06-01 08:22:50,2,5.59,-74.0094680786,40.7050209045,1,N,-73.9708328247,40.7567596436,1,20.0,0.0,0.5,3.0,0.0,0.3,23.8
2,2016-06-01 08:00:18,2016-06-01 08:38:49,5,16.2,-73.9780807495,40.7509880066,2,N,-73.7838516235,40.6435661316,1,52.0,0.0,0.5,11.67,5.54,0.3,70.01
2,2016-06-01 08:00:18,2016-06-01 08:28:59,1,3.21,-73.9697341919,40.7976341248,1,N,-73.970413208,40.7589836121,2,19.0,0.0,0.5,0.0,0.0,0.3,19.8
2,2016-06-01 08:00:18,2016-06-01 08:08:09,1,1.43,-73.987701416,40.7387313843,1,N,-73.9752197266,40.7556114197,1,7.5,0.0,0.5,1.66,0.0,0.3,9.96
1,2016-06-01 08:00:19,2016-06-01 08:04:13,1,0.8,-73.9842147827,40.743183136,1,N,-73.9764862061,40.7527885437,1,5.0,0.0,0.5,1.15,0.0,0.3,6.95
1,2016-06-01 08:00:19,2016-06-01 08:27:45,1,4.7,-73.9901275635,40.7143630981,1,N,-73.9980697632,40.7647819519,1,21.0,0.0,0.5,4.0,0.0,0.3,25.8
1,2016-06-01 08:00:19,2016-06-01 08:10:21,1,1.8,-74.0088882446,40.7191162109,1,N,-73.9944763184,40.7405738831,2,8.5,0.0,0.5,0.0,0.0,0.3,9.3
1,2016-06-01 08:00:19,2016-06-01 08:21:14,1,3.1,-73.9825973511,40.7618980408,1,N,-73.9526138306,40.7895240784,1,15.0,0.0,0.5,3.16,0.0,0.3,18.96
1,2016-06-01 08:00:19,2016-06-01 08:18:10,2,1.7,-73.9800186157,40.7811698914,1,N,-73.9562835693,40.7798461914,1,12.0,0.0,0.5,1.0,0.0,0.3,13.8
1,2016-06-01 08:00:19,2016-06-01 08:12:59,1,1.5,-73.9546356201,40.7807846069,1,N,-73.9592056274,40.7635116577,1,9.5,0.0,0.5,2.25,0.0,0.3,12.55
2,2016-06-01 08:00:19,2016-06-01 08:06:29,1,0.63,-73.9888916016,40.7486114502,1,N,-73.9829711914,40.7560920715,1,5.5,0.0,0.5,1.58,0.0,0.3,7.88
2,2016-06-01 08:00:19,2016-06-01 08:29:23,4,4.72,-73.9674377441,40.7931518555,1,N,-73.992477417,40.7379570007,1,20.5,0.0,0.5,1.0,0.0,0.3,22.3
2,2016-06-01 08:00:19,2016-06-01 08:17:26,1,3.48,-74.0154495239,40.7093200684,1,N,-74.0040054321,40.7565574646,2,15.0,0.0,0.5,0.0,0.0,0.3,15.8
1,2016-06-01 08:00:20,2016-06-01 08:45:51,2,12.3,-73.8635482788,40.7697563171,1,N,-73.9871902466,40.755241394,1,41.0,0.0,0.5,5.0,5.54,0.3,52.34
1,2016-06-01 08:00:20,2016-06-01 08:09:43,1,3.6,-73.8730773926,40.7740974426,1,N,-73.9026641846,40.7406806946,2,12.5,0.0,0.5,0.0,0.0,0.3,13.3
1,2016-06-01 08:00:20,2016-06-01 08:09:45,1,0.7,-73.9913711548,40.750125885,1,N,-73.9855422974,40.7439155579,2,7.0,0.0,0.5,0.0,0.0,0.3,7.8
1,2016-06-01 08:00:20,2016-06-01 08:14:23,1,1.6,-73.9639434814,40.7575874329,1,N,-73.9636917114,40.7742958069,1,10.0,0.0,0.5,1.0,0.0,0.3,11.8
2,2016-06-01 08:00:20,2016-06-01 08:02:34,1,0.71,-73.96824646,40.7969207764,1,N,-73.962097168,40.8052253723,2,4.0,0.0,0.5,0.0,0.0,0.3,4.8
2,2016-06-01 08:00:20,2016-06-01 08:23:26,2,2.57,-73.9563827515,40.7781982422,1,N,-73.9845275879,40.7546005249,2,15.5,0.0,0.5,0.0,0.0,0.3,16.3
2,2016-06-01 08:00:20,2016-06-01 08:27:51,5,6.01,-74.0099868774,40.705039978,1,N,-73.9726028442,40.7606811523,2,23.0,0.0,0.5,0.0,0.0,0.3,23.8
2,2016-06-01 08:00:20,2016-06-01 08:15:06,1,2.06,-73.9745788574,40.7857894897,1,N,-73.9548797607,40.7670898438,1,11.0,0.0,0.5,2.36,0.0,0.3,14.16
1,2016-06-01 08:00:21,2016-06-01 08:05:52,1,0.5,-73.9935760498,40.7523727417,1,N,-73.9886398315,40.7594718933,1,5.5,0.0,0.5,1.85,0.0,0.3,8.15
2,2016-06-01 08:00:21,2016-06-01 08:10:54,1,1.11,-73.9857559204,40.7354011536,1,N,-73.9748916626,40.7312965393,1,8.0,0.0,0.5,1.76,0.0,0.3,10.56
2,2016-06-01 08:00:21,2016-06-01 08:09:45,1,1.46,-73.9804000854,40.7392616272,1,N,-73.9696578979,40.7574691772,1,8.0,0.0,0.5,1.0,0.0,0.3,9.8
2,2016-06-01 08:00:21,2016-06-01 08:16:35,1,1.99,0.0,0.0,1,N,0.0,0.0,1,12.0,0.0,0.5,3.2,0.0,0.3,16.0
2,2016-06-01 08:00:21,2016-06-01 08:10:17,1,1.31,-73.9834976196,40.7660598755,1,N,-73.9668884277,40.7698783875,1,8.0,0.0,0.5,1.0,0.0,0.3,9.8
1,2016-06-01 08:00:22,2016-06-01 08:08:56,1,0.7,-73.9555282593,40.7794494629,1,N,-73.9454345703,40.7742271423,1,7.0,0.0,0.5,1.95,0.0,0.3,9.75
1,2016-06-01 08:00:22,2016-06-01 08:04:41,1,0.5,-73.9781112671,40.763671875,1,N,-73.9699020386,40.7601203918,1,4.5,0.0,0.5,1.05,0.0,0.3,6.35
1,2016-06-01 08:00:22,2016-06-01 08:07:11,1,1.3,-73.9835205078,40.7445640564,1,N,-74.0001525879,40.7428512573,1,7.0,0.0,0.5,1.56,0.0,0.3,9.36
2,2016-06-01 08:00:22,2016-06-01 08:07:05,3,1.54,-74.0077209473,40.7052764893,1,N,-74.0132980347,40.7150344849,1,7.5,0.0,0.5,2.08,0.0,0.3,10.38
1,2016-06-01 08:00:23,2016-06-01 08:22:07,1,4.6,0.0,0.0,1,N,-74.0131530762,40.7078094482,1,18.5,0.0,0.5,4.0,0.0,0.3,23.3
1,2016-06-01 08:00:23,2016-06-01 08:31:32,1,2.7,-73.9538497925,40.7795944214,1,N,-73.9829788208,40.7616996765,2,19.5,0.0,0.5,0.0,0.0,0.3,20.3
1,2016-06-01 08:00:23,2016-06-01 08:03:14,1,0.3,-74.0050201416,40.7414283752,1,N,-74.0002288818,40.7389564514,1,4.0,0.0,0.5,0.95,0.0,0.3,5.75
1,2016-06-01 08:00:23,2016-06-01 08:11:34,1,1.1,-73.978767395,40.7726554871,1,N,-73.9938735962,40.7688789368,1,8.5,0.0,0.5,1.25,0.0,0.3,10.55
2,2016-06-01 08:00:23,2016-06-01 08:17:41,1,2.16,-73.9478988647,40.7835083008,1,N,-73.9712295532,40.7642211914,1,12.5,0.0,0.5,2.66,0.0,0.3,15.96
2,2016-06-01 08:00:23,2016-06-01 08:16:05,1,2.06,-73.9588928223,40.7836761475,1,N,-73.9775543213,40.7582206726,1,11.5,0.0,0.5,2.46,0.0,0.3,14.76
1,2016-06-01 08:00:24,2016-06-01 08:20:41,1,3.3,-73.9855957031,40.7530555725,1,N,-73.9694595337,40.7951583862,2,15.5,0.0,0.5,0.0,0.0,0.3,16.3
1,2016-06-01 08:00:24,2016-06-01 08:14:40,1,1.8,-73.9771575928,40.7747421265,1,N,-73.9565429688,40.7812156677,2,11.0,0.0,0.5,0.0,0.0,0.3,11.8
1,2016-06-01 08:00:24,2016-06-01 08:15:22,2,2.2,-74.0022659302,40.7149085999,1,N,-73.9968795776,40.7398338318,2,11.5,0.0,0.5,0.0,0.0,0.3,12.3
1,2016-06-01 08:00:24,2016-06-01 08:11:11,1,2.4,-74.0028686523,40.7445068359,1,N,-74.0133972168,40.715713501,1,10.5,0.0,0.5,2.25,0.0,0.3,13.55
2,2016-06-01 08:00:24,2016-06-01 08:10:48,6,1.53,-73.9730529785,40.7565689087,1,N,-73.9815597534,40.7684288025,1,8.5,0.0,0.5,1.86,0.0,0.3,11.16
2,2016-06-01 08:00:24,2016-06-01 08:24:42,1,2.26,-73.9638519287,40.7711791992,1,N,-73.9644622803,40.7702903748,1,16.0,0.0,0.5,5.04,0.0,0.3,21.84
2,2016-06-01 08:00:24,2016-06-01 08:15:05,1,3.22,-73.9988708496,40.7610816956,1,N,-74.0101318359,40.7209281921,1,13.0,0.0,0.5,2.76,0.0,0.3,16.56
1,2016-06-01 08:03:40,2016-06-01 08:58:39,1,9.4,-73.8635025024,40.7694969177,1,N,-73.9910049438,40.7504501343,1,38.0,0.0,0.5,8.85,5.54,0.3,53.19
2,2016-06-01 08:03:40,2016-06-01 08:34:16,2,8.36,-73.9462509155,40.8068084717,1,N,-73.9848556519,40.7153816223,2,27.0,0.0,0.5,0.0,0.0,0.3,27.8
2,2016-06-01 08:03:40,2016-06-01 08:15:37,1,1.34,-73.9884567261,40.7458686829,1,N,-74.0056686401,40.7450294495,1,9.0,0.0,0.5,1.96,0.0,0.3,11.76
2,2016-06-01 08:03:40,2016-06-01 08:52:14,1,9.51,-73.8634338379,40.7699775696,1,N,-73.9928207397,40.7547111511,1,36.0,0.0,0.5,8.47,5.54,0.3,50.81
2,2016-06-01 08:00:24,2016-06-01 08:06:56,1,0.79,-73.9897155762,40.7673568726,1,N,-73.977432251,40.7645988464,1,6.0,0.0,0.5,2.0,0.0,0.3,8.8
2,2016-06-01 08:00:24,2016-06-01 08:15:40,6,2.59,-74.0007553101,40.7421417236,1,N,-73.9728088379,40.7643508911,1,12.5,0.0,0.5,1.0,0.0,0.3,14.3
2,2016-06-01 08:00:24,2016-06-01 08:03:45,6,0.5,-74.0018005371,40.7158966064,1,N,-74.0018005371,40.7158966064,1,4.5,0.0,0.5,1.0,0.0,0.3,6.3
2,2016-06-01 08:00:24,2016-06-01 08:19:32,1,3.22,-73.9893341064,40.7681274414,1,N,-73.9571685791,40.8018836975,1,14.5,0.0,0.5,3.82,0.0,0.3,19.12
1,2016-06-01 08:00:25,2016-06-01 08:03:56,1,0.6,-73.9973373413,40.6842308044,1,N,-73.9931793213,40.6927490234,2,4.5,0.0,0.5,0.0,0.0,0.3,5.3
1,2016-06-01 08:00:25,2016-06-01 08:07:23,1,1.0,-73.967086792,40.7611236572,1,N,-73.9580154419,40.7734375,1,6.5,0.0,0.5,1.0,0.0,0.3,8.3
1,2016-06-01 08:00:25,2016-06-01 08:13:24,1,1.8,-73.9677810669,40.7695846558,1,N,-73.9688720703,40.7702903748,1,10.0,0.0,0.5,2.25,0.0,0.3,13.05
2,2016-06-01 08:00:25,2016-06-01 08:04:14,1,0.73,-73.9770584106,40.7649765015,1,N,-73.9788513184,40.7722511292,1,5.0,0.0,0.5,1.16,0.0,0.3,6.96
2,2016-06-01 08:00:25,2016-06-01 08:05:18,4,0.64,-74.0019226074,40.7508087158,1,N,-73.9961776733,40.7588005066,2,5.5,0.0,0.5,0.0,0.0,0.3,6.3
2,2016-06-01 08:00:25,2016-06-01 08:12:46,1,1.57,-73.9578704834,40.7820205688,1,N,-73.9580078125,40.7653388977,2,9.5,0.0,0.5,0.0,0.0,0.3,10.3
1,2016-06-01 08:00:26,2016-06-01 08:20:26,1,7.3,-73.9579162598,40.765247345,1,N,-73.9866638184,40.7039108276,1,23.5,0.0,0.5,2.5,0.0,0.3,26.8
1,2016-06-01 08:00:26,2016-06-01 08:09:18,1,1.1,0.0,0.0,1,N,0.0,0.0,1,7.5,0.0,0.5,1.65,0.0,0.3,9.95
1,2016-06-01 08:00:26,2016-06-01 08:16:36,2,2.5,-73.9460830688,40.7733306885,1,N,-73.9788284302,40.7610931396,1,13.0,0.0,0.5,1.0,0.0,0.3,14.8
2,2016-06-01 08:00:26,2016-06-01 08:09:10,1,1.23,-73.9555282593,40.773651123,1,N,-73.9661026001,40.7583694458,1,7.5,0.0,0.5,2.08,0.0,0.3,10.38
1,2016-06-01 08:00:27,2016-06-01 08:09:52,1,1.6,-73.9520111084,40.7989463806,1,N,-73.9509963989,40.8183364868,2,8.5,0.0,0.5,0.0,0.0,0.3,9.3
2,2016-06-01 08:00:27,2016-06-01 08:13:14,1,1.66,-73.9453887939,40.7866592407,1,N,-73.9713821411,40.7944602966,1,9.5,0.0,0.5,2.06,0.0,0.3,12.36
2,2016-06-01 08:00:27,2016-06-01 08:13:25,2,1.91,-73.9543609619,40.7824401855,1,N,-73.9716796875,40.7580604553,2,10.0,0.0,0.5,0.0,0.0,0.3,10.8
2,2016-06-01 08:00:27,2016-06-01 08:03:56,6,0.59,-73.9830856323,40.7663612366,1,N,-73.980682373,40.7604560852,1,4.5,0.0,0.5,1.06,0.0,0.3,6.36
2,2016-06-01 08:00:27,2016-06-01 08:08:25,1,0.89,-73.9789657593,40.7405166626,1,N,-73.9897155762,40.7351493835,1,6.5,0.0,0.5,1.82,0.0,0.3,9.12
2,2016-06-01 08:00:27,2016-06-01 08:03:18,1,0.41,-73.967918396,40.7696609497,1,N,-73.9634933472,40.7743415833,2,4.0,0.0,0.5,0.0,0.0,0.3,4.8
2,2016-06-01 08:00:27,2016-06-01 08:05:43,1,0.94,-73.9880218506,40.7346763611,1,N,-73.9816970825,40.7438201904,1,6.0,0.0,0.5,2.04,0.0,0.3,8.84
2,2016-06-01 08:00:27,2016-06-01 08:06:26,1,0.43,-73.9661636353,40.7647018433,1,N,-73.9613113403,40.7619171143,2,5.5,0.0,0.5,0.0,0.0,0.3,6.3
2,2016-06-01 08:00:27,2016-06-01 08:12:56,1,1.92,-73.9830474854,40.7507400513,1,N,-73.9818115234,40.7328491211,1,10.0,0.0,0.5,2.16,0.0,0.3,12.96
2,2016-06-01 08:00:27,2016-06-01 08:07:55,1,1.15,-73.9926986694,40.7303619385,1,N,-73.9837265015,40.7435874939,1,7.0,0.0,0.5,1.56,0.0,0.3,9.36
1,2016-06-01 08:00:28,2016-06-01 08:08:31,1,1.4,-73.9847946167,40.7361831665,1,N,-74.0004043579,40.7213134766,1,7.5,0.0,0.5,1.5,0.0,0.3,9.8
1,2016-06-01 08:00:28,2016-06-01 08:06:15,1,0.4,-73.9924697876,40.7244148254,1,N,-73.9908828735,40.7296714783,1,5.5,0.0,0.5,1.25,0.0,0.3,7.55
1,2016-06-01 08:00:28,2016-06-01 08:32:48,1,3.6,-73.9486846924,40.7847061157,1,N,-73.9838104248,40.7434120178,1,21.0,0.0,0.5,2.5,0.0,0.3,24.3
1,2016-06-01 08:00:28,2016-06-01 08:12:23,1,1.8,-73.9915313721,40.7441825867,1,N,-73.971206665,40.7552070618,1,9.5,0.0,0.5,2.05,0.0,0.3,12.35
1,2016-06-01 08:00:28,2016-06-01 08:11:55,1,1.5,-73.9598846436,40.7985305786,1,N,-73.9391021729,40.8047065735,1,9.0,0.0,0.5,1.5,0.0,0.3,11.3
2,2016-06-01 08:00:28,2016-06-01 08:03:45,5,0.63,-73.9501495361,40.7927589417,1,N,-73.9517440796,40.7985305786,2,4.5,0.0,0.5,0.0,0.0,0.3,5.3
2,2016-06-01 08:00:28,2016-06-01 08:29:36,1,3.33,-73.9924087524,40.7243881226,1,N,-73.9760055542,40.7635726929,1,19.5,0.0,0.5,1.0,0.0,0.3,21.3
2,2016-06-01 08:00:28,2016-06-01 08:13:59,1,1.49,-73.9940338135,40.7512283325,1,N,-73.9755783081,40.7551383972,1,9.5,0.0,0.5,2.06,0.0,0.3,12.36
1,2016-06-01 08:00:29,2016-06-01 08:10:44,1,1.1,-73.9736175537,40.7479858398,1,N,-73.9858703613,40.7413063049,2,8.0,0.0,0.5,0.0,0.0,0.3,8.8
1,2016-06-01 08:00:29,2016-06-01 08:27:12,1,3.3,-73.9494934082,40.7812690735,1,N,-73.9817123413,40.7445335388,1,18.0,0.0,0.5,3.75,0.0,0.3,22.55
2,2016-06-01 08:00:29,2016-06-01 08:07:56,1,0.96,-73.9623031616,40.7731628418,1,N,-73.9539642334,40.7851066589,2,6.5,0.0,0.5,0.0,0.0,0.3,7.3
2,2016-06-01 08:00:29,2016-06-01 08:11:00,1,1.93,-73.9913864136,40.7384109497,1,N,-73.9721832275,40.7591590881,2,9.0,0.0,0.5,0.0,0.0,0.3,9.8
1,2016-06-01 08:00:30,2016-06-01 08:12:01,1,2.1,-73.9914016724,40.7501754761,1,N,-73.9803237915,40.7729377747,2,10.0,0.0,0.5,0.0,0.0,0.3,10.8
1,2016-06-01 08:00:30,2016-06-01 08:13:00,1,1.7,-73.9886627197,40.7641410828,1,N,-74.0057296753,40.7435417175,1,10.0,0.0,0.5,0.0,0.0,0.3,10.8
2,2016-06-01 08:03:40,2016-06-01 08:05:52,6,0.33,-73.9903564453,40.756401062,1,N,-73.9859924316,40.7625694275,2,3.5,0.0,0.5,0.0,0.0,0.3,4.3
2,2016-06-01 08:03:40,2016-06-01 08:31:41,1,3.08,-73.9510421753,40.7716712952,1,N,-73.9847335815,40.7540206909,1,18.5,0.0,0.5,3.86,0.0,0.3,23.16
2,2016-06-01 08:03:40,2016-06-01 08:14:01,2,0.96,-73.986946106,40.7566833496,1,N,-74.0027770996,40.7605934143,1,8.0,0.0,0.5,1.76,0.0,0.3,10.56
1,2016-06-01 08:03:41,2016-06-01 08:27:21,2,1.9,-73.9603500366,40.7789268494,1,N,-73.9593048096,40.7624168396,1,15.0,0.0,0.5,3.5,0.0,0.3,19.3
1,2016-06-01 08:03:41,2016-06-01 08:09:58,1,0.8,-73.9991378784,40.7393531799,1,N,-73.9869232178,40.7338142395,1,6.0,0.0,0.5,1.35,0.0,0.3,8.15
1,2016-06-01 08:03:41,2016-06-01 08:39:39,1,6.7,-73.954788208,40.773815155,1,N,-73.8651885986,40.7352409363,1,28.5,0.0,0.5,0.0,0.0,0.3,29.3
1,2016-06-01 08:03:41,2016-06-01 08:22:47,1,2.7,-73.9918289185,40.7548522949,1,N,-74.00756073,40.7251548767,1,14.0,0.0,0.5,0.0,0.0,0.3,14.8
2,2016-06-01 08:03:41,2016-06-01 08:13:26,1,1.03,-73.9820480347,40.7632484436,1,N,-73.9917831421,40.7496795654,2,8.0,0.0,0.5,0.0,0.0,0.3,8.8
2,2016-06-01 08:03:41,2016-06-01 08:08:59,6,0.84,-73.998664856,40.68932724,1,N,-73.9932022095,40.7006187439,1,5.5,0.0,0.5,1.58,0.0,0.3,7.88
1,2016-06-01 08:03:42,2016-06-01 08:14:01,1,1.2,-74.0056381226,40.7367591858,1,N,-73.9982223511,40.7228279114,1,8.0,0.0,0.5,1.2,0.0,0.3,10.0
1,2016-06-01 08:03:42,2016-06-01 08:21:03,1,2.6,-73.9561004639,40.787563324,1,N,-73.9814300537,40.7580871582,2,13.0,0.0,0.5,0.0,0.0,0.3,13.8
1,2016-06-01 08:03:42,2016-06-01 08:22:40,1,2.1,-73.9754638672,40.7452163696,1,N,-73.9543838501,40.7638168335,1,13.0,0.0,0.5,1.4,0.0,0.3,15.2
1,2016-06-01 08:03:42,2016-06-01 08:08:12,1,0.0,-73.9731521606,40.7535324097,1,N,-73.9813995361,40.7577514648,1,4.5,0.0,0.5,1.59,0.0,0.3,6.89
2,2016-06-01 08:03:42,2016-06-01 08:12:23,1,1.45,-73.9890670776,40.7366104126,1,N,-73.9834289551,40.7221069336,1,7.5,0.0,0.5,1.66,0.0,0.3,9.96
1,2016-06-01 08:03:43,2016-06-01 08:16:12,2,2.8,-74.0069198608,40.7301902771,1,N,-74.0080490112,40.7046546936,1,12.0,0.0,0.5,2.55,0.0,0.3,15.35
1,2016-06-01 08:03:43,2016-06-01 08:13:33,1,0.8,-73.9631347656,40.7750282288,1,N,-73.9623718262,40.7672576904,2,7.5,0.0,0.5,0.0,0.0,0.3,8.3
1,2016-06-01 08:03:43,2016-06-01 08:06:07,1,0.4,0.0,0.0,1,N,0.0,0.0,1,3.5,0.0,0.5,0.85,0.0,0.3,5.15
2,2016-06-01 08:03:43,2016-06-01 08:05:55,1,0.38,-73.9634170532,40.7658500671,1,N,-73.9597320557,40.7709312439,2,3.5,0.0,0.5,0.0,0.0,0.3,4.3
2,2016-06-01 08:03:43,2016-06-01 08:15:15,5,1.36,-73.9907684326,40.7560882568,1,N,-73.9725494385,40.7597999573,1,9.0,0.0,0.5,2.1,0.0,0.3,11.9
2,2016-06-01 08:03:44,2016-06-01 08:26:11,1,3.9,-74.0084991455,40.7209815979,1,N,-73.9766998291,40.7658081055,1,17.0,0.0,0.5,2.14,0.0,0.3,19.94
1,2016-06-01 08:03:45,2016-06-01 08:17:08,1,2.2,-74.0047836304,40.7373847961,1,N,-73.9776992798,40.7514152527,1,11.5,0.0,0.5,1.0,0.0,0.3,13.3
1,2016-06-01 08:03:45,2016-06-01 08:08:37,1,0.4,-73.9717254639,40.7504005432,1,N,-73.970199585,40.7460632324,1,5.0,0.0,0.5,1.0,0.0,0.3,6.8
1,2016-06-01 08:03:45,2016-06-01 08:25:34,1,2.1,-73.9653701782,40.755191803,1,N,-73.9463882446,40.7806968689,2,14.0,0.0,0.5,0.0,0.0,0.3,14.8
1,2016-06-01 08:03:45,2016-06-01 08:07:39,3,1.0,-74.0088195801,40.7189559937,1,N,-74.0075073242,40.7333183289,1,5.0,0.0,0.5,1.15,0.0,0.3,6.95
2,2016-06-01 08:03:45,2016-06-01 08:11:01,2,0.85,-73.9721679688,40.7966804504,1,N,-73.9712677002,40.7877502441,1,6.5,0.0,0.5,1.46,0.0,0.3,8.76
2,2016-06-01 08:03:45,2016-06-01 08:09:46,1,0.89,-73.9818496704,40.7573204041,1,N,-73.9710464478,40.7612609863,2,6.0,0.0,0.5,0.0,0.0,0.3,6.8
1,2016-06-01 08:03:46,2016-06-01 08:45:38,1,11.7,-73.8708190918,40.7736854553,1,N,-73.9777908325,40.75207901,1,38.0,0.0,0.5,7.0,5.54,0.3,51.34
1,2016-06-01 08:03:46,2016-06-01 08:21:44,1,1.6,-73.9598770142,40.7766647339,1,N,-73.9582824707,40.7819366455,1,12.0,0.0,0.5,3.8,0.0,0.3,16.6
1,2016-06-01 08:03:46,2016-06-01 08:17:30,2,1.8,-73.9933166504,40.7472572327,1,N,-74.0079193115,40.7281341553,1,10.5,0.0,0.5,1.7,0.0,0.3,13.0
1,2016-06-01 08:03:46,2016-06-01 08:25:47,1,2.5,-73.9581069946,40.7693824768,1,N,-73.9832000732,40.7437782288,1,14.5,0.0,0.5,1.0,0.0,0.3,16.3
1,2016-06-01 08:03:46,2016-06-01 08:21:53,1,2.3,-73.9729385376,40.7445755005,1,N,-73.9604568481,40.7723197937,2,13.0,0.0,0.5,0.0,0.0,0.3,13.8
2,2016-06-01 08:03:46,2016-06-01 08:23:25,1,2.95,-73.98097229,40.7448158264,1,N,-74.0098419189,40.7200775146,1,14.5,0.0,0.5,3.06,0.0,0.3,18.36
2,2016-06-01 08:03:46,2016-06-01 08:13:38,2,1.48,-73.9750900269,40.7417755127,1,N,-73.9607162476,40.758430481,1,8.5,0.0,0.5,1.86,0.0,0.3,11.16
2,2016-06-01 08:03:46,2016-06-01 08:07:34,1,0.71,-73.9982070923,40.7452392578,1,N,-73.9874191284,40.7418212891,2,5.0,0.0,0.5,0.0,0.0,0.3,5.8
1,2016-06-01 08:03:47,2016-06-01 08:24:59,1,7.0,-73.9594955444,40.7631797791,1,N,-74.0136413574,40.71326828,1,24.5,0.0,0.5,2.0,0.0,0.3,27.3
1,2016-06-01 08:03:47,2016-06-01 08:10:12,1,1.0,-73.982460022,40.745765686,1,N,-73.9913787842,40.7325210571,1,6.0,0.0,0.5,1.35,0.0,0.3,8.15
1,2016-06-01 08:03:47,2016-06-01 08:28:09,1,2.7,-73.9972457886,40.722202301,1,N,-73.9710998535,40.7481040955,1,16.5,0.0,0.5,2.0,0.0,0.3,19.3
2,2016-06-01 08:03:47,2016-06-01 08:11:23,2,1.18,-73.9581832886,40.7789726257,1,N,-73.9689407349,40.7644500732,1,7.0,0.0,0.5,0.78,0.0,0.3,8.58
1,2016-06-01 08:00:30,2016-06-01 08:03:40,1,0.5,-73.9652709961,40.7721138,1,N,-73.960357666,40.7787513733,1,4.0,0.0,0.5,1.0,0.0,0.3,5.8
2,2016-06-01 08:00:30,2016-06-01 08:05:10,1,1.21,-73.9529876709,40.7867507935,1,N,-73.9683837891,40.7868995667,1,6.0,0.0,0.5,1.0,0.0,0.3,7.8
2,2016-06-01 08:00:30,2016-06-01 08:10:05,5,1.37,-73.9854660034,40.73853302,1,N,-73.975440979,40.7549934387,1,8.0,0.0,0.5,2.2,0.0,0.3,11.0
2,2016-06-01 08:00:30,2016-06-01 08:15:26,1,1.22,-73.9532470703,40.7913894653,1,N,-73.954826355,40.7776184082,2,10.0,0.0,0.5,0.0,0.0,0.3,10.8
2,2016-06-01 08:00:30,2016-06-01 08:06:46,1,0.71,-73.9704666138,40.7592811584,1,N,-73.9767227173,40.7507095337,1,6.0,0.0,0.5,1.7,0.0,0.3,8.5
2,2016-06-01 08:00:30,2016-06-01 08:19:53,1,3.99,-74.0119781494,40.7053756714,1,N,-73.9747009277,40.7360610962,1,15.5,0.0,0.5,4.08,0.0,0.3,20.38
2,2016-06-01 08:00:30,2016-06-01 08:11:26,1,1.55,-74.0144500732,40.7179412842,1,N,-74.0121002197,40.71900177,1,8.5,0.0,0.5,1.0,0.0,0.3,10.3
1,2016-06-01 08:00:31,2016-06-01 08:11:12,1,1.3,-73.9644012451,40.7735481262,1,N,-73.9731292725,40.7586555481,1,8.5,0.0,0.5,1.85,0.0,0.3,11.15
2,2016-06-01 08:00:31,2016-06-01 08:17:47,1,1.55,-73.9664154053,40.7575531006,1,N,-73.9592590332,40.7716217041,1,11.5,0.0,0.5,1.0,0.0,0.3,13.3
2,2016-06-01 08:00:31,2016-06-01 08:17:39,1,3.07,-73.9933929443,40.7421875,1,N,-73.9633407593,40.7751464844,1,13.5,0.0,0.5,2.86,0.0,0.3,17.16
2,2016-06-01 08:00:31,2016-06-01 08:27:22,1,3.97,-73.924118042,40.7440490723,1,N,-73.9307098389,40.7553215027,1,19.5,0.0,0.5,6.09,0.0,0.3,26.39
2,2016-06-01 08:00:31,2016-06-01 08:15:43,1,2.15,-73.9845504761,40.7694396973,1,N,-73.9591293335,40.7674217224,1,11.5,0.0,0.5,1.84,0.0,0.3,14.14
2,2016-06-01 08:00:31,2016-06-01 08:03:10,4,0.22,-73.9627914429,40.7667007446,1,N,-73.9643936157,40.7687301636,1,3.5,0.0,0.5,0.0,0.0,0.3,4.3
1,2016-06-01 08:00:32,2016-06-01 08:14:19,1,1.6,-73.9621582031,40.7678108215,1,N,-73.9833068848,40.761505127,1,10.5,0.0,0.5,2.25,0.0,0.3,13.55
1,2016-06-01 08:00:32,2016-06-01 08:07:02,1,0.9,-73.9625473022,40.7728538513,1,N,-73.9540710449,40.7845497131,2,6.0,0.0,0.5,0.0,0.0,0.3,6.8
2,2016-06-01 08:00:32,2016-06-01 08:07:23,1,0.63,-73.974647522,40.7573509216,1,N,-73.9841156006,40.7576980591,1,6.0,0.0,0.5,1.02,0.0,0.3,7.82
2,2016-06-01 08:00:32,2016-06-01 08:11:39,1,1.44,-73.961730957,40.7720413208,1,N,-73.9750976562,40.7553596497,1,9.0,0.0,0.5,1.2,0.0,0.3,11.0
2,2016-06-01 08:00:32,2016-06-01 08:07:03,5,0.59,-73.9619979858,40.7679100037,1,N,-73.9615097046,40.7741584778,1,5.5,0.0,0.5,1.26,0.0,0.3,7.56
2,2016-06-01 08:00:32,2016-06-01 08:15:46,1,2.71,-73.9995880127,40.7334785461,1,N,-73.9735870361,40.7573509216,1,12.0,0.0,0.5,2.56,0.0,0.3,15.36
2,2016-06-01 08:00:32,2016-06-01 08:17:54,1,2.27,-73.9557266235,40.7829399109,1,N,-73.9763031006,40.7552909851,1,12.5,0.0,0.5,1.2,0.0,0.3,14.5
2,2016-06-01 08:00:32,2016-06-01 08:16:17,6,2.26,-73.9901657104,40.7565765381,1,N,-73.9641647339,40.7696533203,2,11.5,0.0,0.5,0.0,0.0,0.3,12.3
2,2016-06-01 08:00:32,2016-06-01 08:04:45,2,0.56,-73.9751586914,40.755405426,1,N,-73.9723510742,40.7628860474,1,5.0,0.0,0.5,1.0,0.0,0.3,6.8
2,2016-06-01 08:00:32,2016-06-01 08:09:45,1,1.02,-73.9912261963,40.7552108765,1,N,-73.9789581299,40.7624893188,1,7.5,0.0,0.5,1.66,0.0,0.3,9.96
1,2016-06-01 08:00:33,2016-06-01 08:06:15,2,1.3,-73.9346237183,40.801612854,1,N,-73.9524383545,40.7985496521,1,6.5,0.0,0.5,1.0,0.0,0.3,8.3
1,2016-06-01 08:00:33,2016-06-01 08:41:26,1,15.5,-73.8718490601,40.7741127014,1,Y,-74.0150604248,40.7114105225,1,43.5,0.0,0.5,5.0,5.54,0.3,54.84
2,2016-06-01 08:00:33,2016-06-01 08:07:33,1,1.34,-73.9804229736,40.7706565857,1,N,-73.9912490845,40.7579116821,2,7.0,0.0,0.5,0.0,0.0,0.3,7.8
1,2016-06-01 08:00:34,2016-06-01 08:13:57,1,1.1,-73.9642715454,40.7707214355,1,N,-73.9553756714,40.7856788635,1,9.5,0.0,0.5,2.05,0.0,0.3,12.35
1,2016-06-01 08:00:34,2016-06-01 08:08:31,1,0.9,-73.9491729736,40.8129615784,1,N,-73.957359314,40.8192863464,1,6.5,0.0,0.5,4.0,0.0,0.3,11.3
1,2016-06-01 08:00:34,2016-06-01 08:12:56,1,0.6,-73.9631729126,40.7582588196,1,N,-73.9743423462,40.7609367371,1,8.5,0.0,0.5,1.85,0.0,0.3,11.15
2,2016-06-01 08:00:34,2016-06-01 08:05:20,1,0.84,-73.9554824829,40.7826881409,1,N,-73.9630432129,40.7752189636,2,5.5,0.0,0.5,0.0,0.0,0.3,6.3
2,2016-06-01 08:00:34,2016-06-01 08:15:01,3,1.66,-73.9686965942,40.7614707947,1,N,-73.9900360107,40.7564735413,1,10.5,0.0,0.5,0.0,0.0,0.3,11.3
2,2016-06-01 08:00:34,2016-06-01 08:08:00,1,1.06,-73.9818496704,40.7434272766,1,N,-73.975440979,40.7558555603,1,7.0,0.0,0.5,1.0,0.0,0.3,8.8
2,2016-06-01 08:00:34,2016-06-01 08:15:48,1,2.23,-73.9754333496,40.782081604,1,N,-73.9881668091,40.7543716431,1,11.5,0.0,0.5,2.46,0.0,0.3,14.76
2,2016-06-01 08:00:34,2016-06-01 08:14:02,2,1.58,-73.9613571167,40.7770690918,1,N,-73.9689712524,40.7587203979,1,10.0,0.0,0.5,1.9,0.0,0.3,12.7
2,2016-06-01 08:00:34,2016-06-01 08:31:09,1,6.7,-73.8636016846,40.7696113586,1,N,-73.9392089844,40.8052177429,1,24.5,0.0,0.5,6.17,5.54,0.3,37.01
1,2016-06-01 08:00:35,2016-06-01 08:08:45,1,0.9,-73.9651412964,40.7635498047,1,N,-73.9541320801,40.770450592,1,6.5,0.0,0.5,1.7,0.0,0.3,9.0
1,2016-06-01 08:00:35,2016-06-01 08:09:57,1,1.0,-73.993309021,40.7432479858,1,N,-73.9769744873,40.7389907837,1,7.5,0.0,0.5,3.5,0.0,0.3,11.8
1,2016-06-01 08:00:35,2016-06-01 08:11:27,1,1.7,-73.9818496704,40.7780838013,1,N,-73.9741363525,40.7616233826,1,9.0,0.0,0.5,1.95,0.0,0.3,11.75
2,2016-06-01 08:00:35,2016-06-01 08:09:36,1,1.37,-74.005569458,40.7179603577,1,N,-74.0084686279,40.7327003479,1,8.0,0.0,0.5,1.0,0.0,0.3,9.8
1,2016-06-01 08:00:36,2016-06-01 08:25:03,3,2.9,-74.0165252686,40.7159843445,1,N,-73.9864883423,40.7343215942,1,17.0,0.0,0.5,4.45,0.0,0.3,22.25
1,2016-06-01 08:00:36,2016-06-01 08:11:12,1,1.2,-73.9912109375,40.7549476624,1,N,-73.975769043,40.7637290955,1,8.5,0.0,0.5,2.3,0.0,0.3,11.6
2,2016-06-01 08:00:36,2016-06-01 08:29:10,6,3.64,-74.0006256104,40.747341156,1,N,-73.9576034546,40.7667884827,1,19.0,0.0,0.5,0.0,0.0,0.3,19.8
2,2016-06-01 08:00:36,2016-06-01 08:15:33,2,5.61,-73.7767028809,40.645450592,1,N,-73.7406234741,40.6560096741,2,18.0,0.0,0.5,0.0,0.0,0.3,18.8
1,2016-06-01 08:00:37,2016-06-01 08:18:08,1,1.4,-73.994644165,40.7507095337,1,N,-73.9764556885,40.7451286316,1,12.0,0.0,0.5,2.55,0.0,0.3,15.35
1,2016-06-01 08:00:37,2016-06-01 08:10:59,1,1.3,-73.9930343628,40.7629928589,1,N,-73.9734039307,40.7601623535,1,8.0,0.0,0.5,1.75,0.0,0.3,10.55
1,2016-06-01 08:00:37,2016-06-01 08:30:35,1,7.2,-73.9725799561,40.7595596313,1,N,-74.0109634399,40.7189025879,1,27.0,0.0,0.5,6.95,0.0,0.3,34.75
2,2016-06-01 08:00:37,2016-06-01 08:03:57,5,0.51,-73.976776123,40.7596817017,1,N,-73.9847946167,40.7608757019,1,4.0,0.0,0.5,1.2,0.0,0.3,6.0
2,2016-06-01 08:00:37,2016-06-01 08:19:27,1,2.66,-73.9914016724,40.7500038147,1,N,-74.0048675537,40.7158813477,2,14.0,0.0,0.5,0.0,0.0,0.3,14.8
2,2016-06-01 08:00:37,2016-06-01 08:05:57,1,0.41,-73.9622497559,40.7641525269,1,N,-73.9654846191,40.7592506409,1,5.0,0.0,0.5,1.0,0.0,0.3,6.8
2,2016-06-01 08:00:37,2016-06-01 08:01:31,1,0.27,-73.9579772949,40.8111534119,1,N,-73.9601745605,40.8081436157,1,3.0,0.0,0.5,0.76,0.0,0.3,4.56
2,2016-06-01 08:00:37,2016-06-01 08:23:17,2,2.95,-73.9546737671,40.7742424011,1,N,-73.9869613647,40.7561149597,1,16.0,0.0,0.5,5.04,0.0,0.3,21.84
1,2016-06-01 08:00:38,2016-06-01 08:29:26,2,3.9,-73.9606781006,40.8027648926,1,N,-73.9797058105,40.7551078796,1,19.5,0.0,0.5,3.0,0.0,0.3,23.3
1,2016-06-01 08:00:38,2016-06-01 08:17:04,1,7.7,-73.9539642334,40.7707824707,1,N,-74.0152893066,40.7090301514,1,23.5,0.0,0.5,3.0,0.0,0.3,27.3
1,2016-06-01 08:00:38,2016-06-01 08:10:37,1,1.0,-73.9655685425,40.7716598511,1,N,-73.9558486938,40.7850532532,1,7.5,0.0,0.5,1.0,0.0,0.3,9.3
2,2016-06-01 08:00:38,2016-06-01 08:27:38,1,3.85,-73.9454193115,40.7785110474,1,N,-73.9851379395,40.7419395447,1,19.0,0.0,0.5,3.96,0.0,0.3,23.76
1,2016-06-01 08:00:39,2016-06-01 08:10:49,1,1.4,-74.0005187988,40.7425918579,1,N,-73.9864044189,40.7596893311,2,8.5,0.0,0.5,0.0,0.0,0.3,9.3
1,2016-06-01 08:00:39,2016-06-01 08:15:16,1,2.5,-73.981842041,40.7323799133,1,N,-73.9596481323,40.7630691528,1,12.0,0.0,0.5,3.8,0.0,0.3,16.6
2,2016-06-01 08:00:39,2016-06-01 08:10:28,1,1.99,-73.9976882935,40.7361984253,1,N,-73.9827957153,40.7587089539,1,9.0,0.0,0.5,1.96,0.0,0.3,11.76
1,2016-06-01 08:00:40,2016-06-01 08:06:14,1,0.3,-73.971031189,40.751991272,1,N,-73.9767456055,40.7542419434,1,5.0,0.0,0.5,1.15,0.0,0.3,6.95
2,2016-06-01 08:00:40,2016-06-01 08:39:30,1,8.73,-73.8709487915,40.773765564,1,N,-73.9744415283,40.7568283081,1,30.5,0.0,0.5,7.37,5.54,0.3,44.21
2,2016-06-01 08:00:40,2016-06-01 08:21:01,1,7.46,-73.9626693726,40.7630271912,1,N,-74.0116653442,40.715045929,1,24.5,0.0,0.5,2.5,0.0,0.3,27.8
2,2016-06-01 08:00:40,2016-06-01 08:16:19,1,4.89,-73.982131958,40.7430686951,1,N,-74.014503479,40.7047195435,1,17.5,0.0,0.5,2.0,0.0,0.3,20.3
2,2016-06-01 08:00:40,2016-06-01 08:15:19,1,2.57,-74.0050582886,40.7192153931,1,N,-74.0032653809,40.7490386963,2,11.5,0.0,0.5,0.0,0.0,0.3,12.3
2,2016-06-01 08:00:40,2016-06-01 08:20:38,2,2.98,-73.9790267944,40.7579231262,1,N,-73.9491348267,40.773223877,1,14.5,0.0,0.5,3.06,0.0,0.3,18.36
1,2016-06-01 08:00:41,2016-06-01 08:05:22,1,1.0,-73.9850006104,40.7639923096,1,N,-73.993850708,40.755569458,1,5.5,0.0,0.5,1.25,0.0,0.3,7.55
1,2016-06-01 08:00:41,2016-06-01 08:09:28,2,1.3,-73.959274292,40.7833061218,1,N,-73.9660110474,40.7930335999,1,8.0,0.0,0.5,2.2,0.0,0.3,11.0
1,2016-06-01 08:00:41,2016-06-01 08:02:46,1,0.3,-73.9728622437,40.7563819885,1,N,-73.9727249146,40.759601593,1,3.5,0.0,0.5,0.85,0.0,0.3,5.15
2,2016-06-01 08:00:41,2016-06-01 08:03:31,1,0.45,-73.9687194824,40.7615203857,1,N,-73.9727401733,40.7565612793,1,4.0,0.0,0.5,0.96,0.0,0.3,5.76
2,2016-06-01 08:00:41,2016-06-01 08:06:24,1,0.74,-73.9385452271,40.7958755493,1,N,-73.947265625,40.7910003662,1,5.5,0.0,0.5,1.26,0.0,0.3,7.56
2,2016-06-01 08:00:41,2016-06-01 08:18:27,1,2.42,-73.9552383423,40.7744789124,1,N,-73.9789123535,40.7508087158,1,12.5,0.0,0.5,2.0,0.0,0.3,15.3
1,2016-06-01 08:00:42,2016-06-01 08:19:00,1,1.7,-73.9620513916,40.7734985352,1,N,-73.9795455933,40.7552070618,1,12.5,0.0,0.5,2.65,0.0,0.3,15.95
1,2016-06-01 08:00:42,2016-06-01 08:41:38,1,11.9,-73.8854141235,40.7731285095,1,N,-73.983757019,40.7437553406,1,38.5,0.0,0.5,11.2,5.54,0.3,56.04
1,2016-06-01 08:00:42,2016-06-01 08:11:27,1,1.2,-73.986289978,40.7592315674,1,N,-73.9909896851,40.7504425049,1,8.0,0.0,0.5,1.75,0.0,0.3,10.55
1,2016-06-01 08:00:42,2016-06-01 08:09:24,1,1.3,-73.9858932495,40.7664489746,1,N,-74.0025558472,40.7607536316,2,7.5,0.0,0.5,0.0,0.0,0.3,8.3
2,2016-06-01 08:00:42,2016-06-01 08:04:17,6,0.62,-73.9401702881,40.8005828857,1,N,-73.9353027344,40.8051834106,1,4.5,0.0,0.5,0.0,0.0,0.3,5.3
1,2016-06-01 08:00:43,2016-06-01 08:15:38,1,2.3,-73.9463043213,40.7730178833,1,N,-73.9766464233,40.7594642639,1,12.0,0.0,0.5,2.55,0.0,0.3,15.35
1,2016-06-01 08:00:43,2016-06-01 08:09:07,1,1.1,-73.981880188,40.7702484131,1,N,-73.9686660767,40.7617301941,2,7.0,0.0,0.5,0.0,0.0,0.3,7.8
2,2016-06-01 08:00:43,2016-06-01 08:21:52,2,3.22,-74.0106277466,40.7177085876,1,N,-73.9876403809,40.7557792664,1,14.5,0.0,0.5,3.06,0.0,0.3,18.36
2,2016-06-01 08:00:43,2016-06-01 08:05:48,1,0.76,-73.9855651855,40.7419281006,1,N,-73.9914245605,40.731967926,1,5.5,0.0,0.5,1.26,0.0,0.3,7.56
2,2016-06-01 08:00:43,2016-06-01 08:14:47,5,3.25,-73.9641342163,40.8031463623,1,N,-73.9423065186,40.8397483826,1,13.5,0.0,0.5,3.58,0.0,0.3,17.88
1,2016-06-01 08:00:44,2016-06-01 08:07:20,1,0.7,-73.9687728882,40.7864494324,1,N,-73.9791259766,40.7867774963,1,6.0,0.0,0.5,1.35,0.0,0.3,8.15
1,2016-06-01 08:00:44,2016-06-01 08:09:11,1,1.4,-73.9920578003,40.7495079041,1,N,-73.9957275391,40.7331390381,1,8.0,0.0,0.5,1.75,0.0,0.3,10.55
1,2016-06-01 08:00:44,2016-06-01 08:05:05,1,0.7,-73.9591598511,40.7834968567,1,N,-73.9642868042,40.7748680115,2,5.0,0.0,0.5,0.0,0.0,0.3,5.8
1,2016-06-01 08:00:44,2016-06-01 08:17:35,1,4.7,-73.9886322021,40.6973457336,1,N,-73.9778060913,40.7368392944,1,16.0,0.0,0.5,2.5,0.0,0.3,19.3
2,2016-06-01 08:00:44,2016-06-01 08:21:19,1,6.49,-73.9927825928,40.6975440979,1,N,-73.9719619751,40.7541618347,1,21.0,0.0,0.5,4.36,0.0,0.3,26.16
2,2016-06-01 08:00:44,2016-06-01 08:20:40,1,1.57,-74.0010681152,40.7521591187,1,N,-73.9818344116,40.7573356628,2,13.0,0.0,0.5,0.0,0.0,0.3,13.8
2,2016-06-01 08:00:44,2016-06-01 08:08:56,1,1.53,-73.97605896,40.7403793335,1,N,-73.9697570801,40.7580413818,1,8.0,0.0,0.5,1.0,0.0,0.3,9.8
1,2016-06-01 08:00:45,2016-06-01 08:23:16,1,2.3,-73.9527816772,40.7919158936,1,N,-73.9687271118,40.7646827698,2,14.5,0.0,0.5,0.0,0.0,0.3,15.3
1,2016-06-01 08:00:45,2016-06-01 08:03:04,1,0.2,-73.9618225098,40.7597465515,1,N,-73.9580307007,40.7612724304,2,3.5,0.0,0.5,0.0,0.0,0.3,4.3
1,2016-06-01 08:00:45,2016-06-01 08:28:06,1,6.5,-73.9652023315,40.7591934204,1,N,-74.0141906738,40.7117462158,1,25.5,0.0,0.5,3.0,0.0,0.3,29.3
1,2016-06-01 08:00:45,2016-06-01 08:11:36,2,1.6,-73.9582595825,40.7727355957,1,N,-73.9768753052,40.7803077698,1,9.0,0.0,0.5,1.47,0.0,0.3,11.27
1,2016-06-01 08:00:45,2016-06-01 08:10:25,2,2.2,-73.9896011353,40.7765846252,1,N,-73.9687652588,40.7934989929,1,10.0,0.0,0.5,1.0,0.0,0.3,11.8
2,2016-06-01 08:00:45,2016-06-01 08:08:25,3,1.1,-73.9867019653,40.7258033752,1,N,-73.9864654541,40.7369308472,2,7.0,0.0,0.5,0.0,0.0,0.3,7.8
2,2016-06-01 08:00:45,2016-06-01 08:10:48,3,1.69,-73.991065979,40.7503738403,1,N,-73.9926757812,40.7306861877,1,8.5,0.0,0.5,3.0,0.0,0.3,12.3
2,2016-06-01 08:00:45,2016-06-01 08:05:20,1,0.69,-73.9480438232,40.7703666687,1,N,-73.9592971802,40.7743797302,1,5.0,0.0,0.5,1.45,0.0,0.3,7.25
1,2016-06-01 08:00:46,2016-06-01 08:07:58,1,0.9,-73.9842910767,40.751865387,1,N,-73.9836807251,40.7409667969,2,6.5,0.0,0.5,0.0,0.0,0.3,7.3
1,2016-06-01 08:00:46,2016-06-01 08:06:17,2,1.0,-73.975112915,40.7875900269,1,N,-73.9656143188,40.8005523682,1,6.0,0.0,0.5,1.35,0.0,0.3,8.15
2,2016-06-01 08:00:46,2016-06-01 08:12:32,1,1.57,-73.9595413208,40.7712936401,1,N,-73.9737472534,40.7547035217,2,9.5,0.0,0.5,0.0,0.0,0.3,10.3
2,2016-06-01 08:00:46,2016-06-01 08:12:53,2,3.17,-73.9465103149,40.7806625366,1,N,-73.9745483398,40.7533416748,1,12.0,0.0,0.5,2.56,0.0,0.3,15.36
2,2016-06-01 08:00:46,2016-06-01 08:05:21,1,0.38,-73.9577407837,40.7792472839,1,N,-73.9558486938,40.783618927,2,5.0,0.0,0.5,0.0,0.0,0.3,5.8
2,2016-06-01 08:00:46,2016-06-01 08:08:24,1,1.1,-73.9685134888,40.7864952087,1,N,-73.9784164429,40.7731208801,2,7.0,0.0,0.5,0.0,0.0,0.3,7.8
1,2016-06-01 08:00:47,2016-06-01 08:49:20,1,6.2,-73.9587860107,40.8101959229,1,N,-73.9713287354,40.7445449829,1,32.0,0.0,0.5,9.8,0.0,0.3,42.6
1,2016-06-01 08:00:47,2016-06-01 09:14:57,1,19.9,-73.7766189575,40.6451263428,2,N,-74.0082168579,40.7377624512,1,52.0,0.0,0.5,11.66,5.54,0.3,70.0
2,2016-06-01 08:00:47,2016-06-01 08:22:53,1,5.64,-74.0071182251,40.7076568604,1,N,-73.9741287231,40.7567710876,2,20.0,0.0,0.5,0.0,0.0,0.3,20.8
1,2016-06-01 08:00:48,2016-06-01 08:08:53,1,1.6,-74.002166748,40.7348251343,1,N,-74.0135498047,40.715675354,1,8.0,0.0,0.5,1.75,0.0,0.3,10.55
1,2016-06-01 08:00:48,2016-06-01 08:11:36,1,1.5,-73.9826431274,40.7423934937,1,N,-73.9705505371,40.7606811523,1,9.0,0.0,0.5,2.45,0.0,0.3,12.25
1,2016-06-01 08:00:48,2016-06-01 08:14:49,1,1.6,-73.9888687134,40.7456474304,1,N,-73.9721755981,40.759853363,1,10.5,0.0,0.5,1.7,0.0,0.3,13.0
1,2016-06-01 08:00:48,2016-06-01 08:12:42,1,4.3,-73.9837265015,40.7260360718,1,N,-74.0157394409,40.7116279602,1,15.0,0.0,0.5,3.15,0.0,0.3,18.95
1,2016-06-01 08:00:48,2016-06-01 08:02:46,1,0.2,-74.0071258545,40.704044342,1,N,-74.0047302246,40.7062492371,2,3.5,0.0,0.5,0.0,0.0,0.3,4.3
2,2016-06-01 08:00:48,2016-06-01 08:09:06,1,1.15,-73.9550018311,40.78855896,1,N,-73.9735488892,40.7951011658,1,7.5,0.0,0.5,0.0,0.0,0.3,8.3
2,2016-06-01 08:00:48,2016-06-01 08:04:35,1,0.73,-73.9582901001,40.7729187012,1,N,-73.9544296265,40.7814788818,1,5.0,0.0,0.5,1.0,0.0,0.3,6.8
2,2016-06-01 08:00:48,2016-06-01 08:07:04,5,0.96,-73.9868164062,40.7339782715,1,N,-73.974571228,40.736328125,1,6.0,0.0,0.5,1.7,0.0,0.3,8.5
2,2016-06-01 08:00:48,2016-06-01 08:12:08,1,1.17,-73.9849777222,40.7477607727,1,N,-73.9757614136,40.7373886108,2,8.5,0.0,0.5,0.0,0.0,0.3,9.3
2,2016-06-01 08:00:48,2016-06-01 08:14:02,1,1.47,-73.9575042725,40.7825317383,1,N,-73.966583252,40.7673912048,2,10.0,0.0,0.5,0.0,0.0,0.3,10.8
2,2016-06-01 08:03:47,2016-06-01 08:25:48,2,4.92,-73.9356613159,40.7997550964,1,N,-73.9780807495,40.7582130432,2,18.0,0.0,0.5,0.0,0.0,0.3,18.8
2,2016-06-01 08:03:47,2016-06-01 08:11:50,1,1.1,-73.9799880981,40.7488708496,1,N,-73.9746704102,40.7616615295,1,7.0,0.0,0.5,1.95,0.0,0.3,9.75
2,2016-06-01 08:03:47,2016-06-01 08:22:30,1,2.55,-73.9609832764,40.7811584473,1,N,-73.9332580566,40.7990493774,1,13.5,0.0,0.5,1.0,0.0,0.3,15.3
1,2016-06-01 08:03:48,2016-06-01 08:35:34,4,5.2,-73.9934158325,40.7526245117,1,Y,-74.0046310425,40.7074356079,1,23.5,0.0,0.5,4.0,0.0,0.3,28.3
1,2016-06-01 08:03:48,2016-06-01 08:11:47,1,0.9,-73.9901504517,40.7565803528,1,N,-73.9787445068,40.7627830505,1,7.0,0.0,0.5,1.55,0.0,0.3,9.35
2,2016-06-01 08:03:48,2016-06-01 08:12:26,1,1.23,-73.9983825684,40.74451828,1,N,-73.9833297729,40.7345809937,1,7.5,0.0,0.5,2.08,0.0,0.3,10.38
2,2016-06-01 08:03:48,2016-06-01 08:14:17,1,1.33,-73.9968109131,40.7424087524,1,N,-73.982131958,40.7520599365,1,8.5,0.0,0.5,1.0,0.0,0.3,10.3
1,2016-06-01 08:03:49,2016-06-01 08:22:13,1,1.8,-73.9834442139,40.7301673889,1,N,-73.9744567871,40.7510261536,1,12.5,0.0,0.5,2.65,0.0,0.3,15.95
1,2016-06-01 08:03:49,2016-06-01 08:16:33,1,1.8,-73.9731369019,40.7928352356,1,N,-73.9866485596,40.7698516846,2,10.0,0.0,0.5,0.0,0.0,0.3,10.8
1,2016-06-01 08:03:49,2016-06-01 08:14:19,1,1.8,-73.9683685303,40.7868537903,1,N,-73.9789123535,40.764591217,1,9.0,0.0,0.5,1.95,0.0,0.3,11.75
1,2016-06-01 08:03:49,2016-06-01 08:56:41,1,8.5,-73.9402999878,40.848033905,1,N,-73.9695281982,40.7467041016,1,36.5,0.0,0.5,7.45,0.0,0.3,44.75
2,2016-06-01 08:03:49,2016-06-01 08:03:58,1,0.01,-73.9682922363,40.7618293762,1,N,-73.9684829712,40.7616004944,2,2.5,0.0,0.5,0.0,0.0,0.3,3.3
2,2016-06-01 08:03:49,2016-06-01 08:08:50,1,0.91,-73.9954299927,40.7391395569,1,N,-73.9815063477,40.7356681824,1,5.5,0.0,0.5,1.0,0.0,0.3,7.3
2,2016-06-01 08:03:49,2016-06-01 08:10:07,1,1.38,-73.9623794556,40.7674560547,1,N,-73.9538650513,40.7829208374,1,7.0,0.0,0.5,0.5,0.0,0.3,8.3
1,2016-06-01 08:03:50,2016-06-01 08:16:31,1,1.6,-73.9751815796,40.7874679565,1,N,-73.9800186157,40.7710227966,1,9.5,0.0,0.5,2.0,0.0,0.3,12.3
1,2016-06-01 08:03:50,2016-06-01 08:26:28,1,4.9,-73.970954895,40.7495231628,1,N,-74.0104598999,40.7033233643,1,21.5,0.0,0.5,5.55,0.0,0.3,27.85
1,2016-06-01 08:03:50,2016-06-01 08:17:08,1,1.7,-73.9626235962,40.7669334412,1,N,-73.9534835815,40.7883872986,1,10.0,0.0,0.5,1.0,0.0,0.3,11.8
2,2016-06-01 08:03:50,2016-06-01 08:59:03,3,11.58,-73.863899231,40.7696800232,1,N,-73.9783325195,40.7664794922,1,41.0,0.0,0.5,8.0,5.54,0.3,55.34
2,2016-06-01 08:03:50,2016-06-01 08:20:49,1,1.47,-73.974029541,40.755191803,1,N,-73.9774475098,40.7642288208,2,11.5,0.0,0.5,0.0,0.0,0.3,12.3
2,2016-06-01 08:03:50,2016-06-01 08:10:21,1,1.05,-73.9536437988,40.7786483765,1,N,-73.9697799683,40.7855491638,1,6.5,0.0,0.5,1.46,0.0,0.3,8.76
1,2016-06-01 08:03:51,2016-06-01 08:26:28,1,2.7,-73.9777526855,40.7464027405,1,N,-73.9520339966,40.7728614807,1,15.0,0.0,0.5,3.15,0.0,0.3,18.95
1,2016-06-01 08:03:51,2016-06-01 08:10:09,2,0.6,-73.9658813477,40.7587356567,1,N,-73.9723892212,40.7496643066,2,5.5,0.0,0.5,0.0,0.0,0.3,6.3
1,2016-06-01 08:03:51,2016-06-01 08:12:23,1,1.2,-73.9796600342,40.7334022522,1,N,-73.9805526733,40.7426300049,1,7.5,0.0,0.5,1.65,0.0,0.3,9.95
1,2016-06-01 08:03:51,2016-06-01 08:07:10,2,0.5,-73.9612731934,40.7691841125,1,N,-73.9543838501,40.7705612183,1,4.0,0.0,0.5,1.2,0.0,0.3,6.0
2,2016-06-01 08:03:51,2016-06-01 08:07:40,2,0.51,0.0,0.0,1,N,0.0,0.0,2,4.5,0.0,0.5,0.0,0.0,0.3,5.3
2,2016-06-01 08:03:51,2016-06-01 08:23:00,1,2.85,-74.0142974854,40.7180023193,1,N,-73.99949646,40.7539100647,1,14.5,0.0,0.5,3.06,0.0,0.3,18.36
2,2016-06-01 08:03:51,2016-06-01 08:25:26,1,3.99,-73.925491333,40.7728805542,1,N,-73.9753723145,40.7634315491,1,17.5,0.0,0.5,2.0,0.0,0.3,20.3
1,2016-06-01 08:03:52,2016-06-01 08:20:30,1,1.6,-73.9754562378,40.7523727417,1,N,-73.9589233398,40.7638130188,2,11.5,0.0,0.5,0.0,0.0,0.3,12.3
2,2016-06-01 08:03:52,2016-06-01 08:10:07,5,0.64,-73.9566040039,40.7781677246,1,N,-73.950553894,40.772605896,1,5.5,0.0,0.5,1.26,0.0,0.3,7.56
2,2016-06-01 08:03:52,2016-06-01 08:20:59,1,2.47,-73.9905319214,40.7314796448,1,N,-73.9728622437,40.7615814209,2,13.0,0.0,0.5,0.0,0.0,0.3,13.8
2,2016-06-01 08:03:52,2016-06-01 08:12:32,1,0.85,-73.9905471802,40.7562866211,1,N,-73.978843689,40.7562217712,2,7.0,0.0,0.5,0.0,0.0,0.3,7.8
1,2016-06-01 08:03:53,2016-06-01 08:12:32,1,0.7,-73.9635925293,40.7716636658,1,N,-73.9545211792,40.7658615112,1,7.0,0.0,0.5,1.55,0.0,0.3,9.35
1,2016-06-01 08:03:53,2016-06-01 08:54:12,1,12.2,-73.8706359863,40.7735977173,1,N,-74.0101165771,40.7113761902,1,40.5,0.0,0.5,8.26,0.0,0.3,49.56
2,2016-06-01 08:03:53,2016-06-01 08:25:00,1,3.01,-73.9965820312,40.7633476257,1,N,-74.0068893433,40.7330055237,1,15.5,0.0,0.5,3.26,0.0,0.3,19.56
2,2016-06-01 08:03:53,2016-06-01 08:51:52,5,12.98,-73.8636779785,40.769618988,1,N,-73.9788284302,40.7617683411,1,42.5,0.0,0.5,12.21,5.54,0.3,61.05
1,2016-06-01 08:03:54,2016-06-01 08:10:47,1,1.0,-73.9567108154,40.7714614868,1,N,-73.9585800171,40.7812690735,2,6.5,0.0,0.5,0.0,0.0,0.3,7.3
1,2016-06-01 08:03:54,2016-06-01 08:09:36,1,0.8,-73.9748764038,40.753238678,1,N,-73.9850997925,40.7476577759,1,5.5,0.0,0.5,1.58,0.0,0.3,7.88
2,2016-06-01 08:03:54,2016-06-01 08:09:57,1,0.99,-73.9594955444,40.7742652893,1,N,-73.953666687,40.7851333618,2,6.5,0.0,0.5,0.0,0.0,0.3,7.3
1,2016-06-01 08:00:49,2016-06-01 08:15:00,1,3.3,-74.0073013306,40.734172821,1,N,-74.0064697266,40.7058334351,1,13.0,0.0,0.5,1.5,0.0,0.3,15.3
1,2016-06-01 08:00:49,2016-06-01 08:10:27,1,1.8,-73.9944915771,40.7406845093,1,N,-73.9775543213,40.7641372681,1,9.0,0.0,0.5,1.95,0.0,0.3,11.75
2,2016-06-01 08:00:49,2016-06-01 08:50:54,1,19.14,-73.9953536987,40.6881790161,1,N,-73.8054122925,40.6611404419,1,55.0,0.0,0.5,11.16,0.0,0.3,66.96
2,2016-06-01 08:00:49,2016-06-01 08:18:58,6,1.86,-73.9837417603,40.6807174683,1,N,-73.9866790771,40.7026481628,1,12.5,0.0,0.5,1.0,0.0,0.3,14.3
2,2016-06-01 08:00:49,2016-06-01 08:10:52,5,0.96,-73.9596862793,40.7803001404,1,N,-73.9734268188,40.7877616882,2,8.0,0.0,0.5,0.0,0.0,0.3,8.8
1,2016-06-01 08:00:50,2016-06-01 08:13:00,3,1.1,-74.0043945312,40.7220840454,1,N,-73.98777771,40.722618103,1,9.0,0.0,0.5,1.95,0.0,0.3,11.75
1,2016-06-01 08:00:50,2016-06-01 08:05:15,1,0.5,-73.9752960205,40.7561378479,1,N,-73.969367981,40.7621536255,1,4.5,0.0,0.5,1.05,0.0,0.3,6.35
2,2016-06-01 08:00:50,2016-06-01 09:24:47,6,19.65,-73.7767105103,40.6453704834,2,N,-74.0088577271,40.7381896973,1,52.0,0.0,0.5,11.67,5.54,0.3,70.01
1,2016-06-01 08:00:51,2016-06-01 08:10:18,1,0.9,-73.965423584,40.7719612122,1,N,-73.9565353394,40.7839279175,1,7.5,0.0,0.5,2.05,0.0,0.3,10.35
1,2016-06-01 08:00:51,2016-06-01 08:14:06,1,2.2,-73.9932785034,40.7364616394,1,N,-73.9752349854,40.7553215027,1,10.5,0.0,0.5,1.13,0.0,0.3,12.43
1,2016-06-01 08:00:51,2016-06-01 08:13:35,1,2.5,0.0,0.0,1,N,0.0,0.0,1,11.0,0.0,0.5,2.95,0.0,0.3,14.75
1,2016-06-01 08:00:51,2016-06-01 08:15:52,1,2.1,-73.9529495239,40.7865486145,1,N,-73.9727859497,40.7590103149,1,11.5,0.0,0.5,2.46,0.0,0.3,14.76
1,2016-06-01 08:00:51,2016-06-01 08:13:17,1,0.9,-73.9636306763,40.7659912109,1,N,-73.9730911255,40.7587928772,2,9.0,0.0,0.5,0.0,0.0,0.3,9.8
1,2016-06-01 08:00:51,2016-06-01 08:05:18,1,0.6,-73.9537811279,40.770614624,1,N,-73.9460449219,40.7737693787,2,5.0,0.0,0.5,0.0,0.0,0.3,5.8
1,2016-06-01 08:00:51,2016-06-01 08:10:55,1,1.9,-73.9789123535,40.7362289429,1,N,-73.9686508179,40.7590827942,1,9.0,0.0,0.5,1.95,0.0,0.3,11.75
2,2016-06-01 08:00:51,2016-06-01 08:13:47,1,1.74,-73.9560394287,40.7760238647,1,N,-73.9717102051,40.760471344,1,10.0,0.0,0.5,1.0,0.0,0.3,11.8
2,2016-06-01 08:00:51,2016-06-01 08:37:25,1,11.88,-73.8639984131,40.7700538635,1,N,-73.9705505371,40.7550086975,1,36.5,0.0,0.5,8.57,5.54,0.3,51.41
2,2016-06-01 08:00:51,2016-06-01 08:21:52,3,4.8,-73.9472732544,40.7841415405,1,N,-73.9865264893,40.7385787964,1,18.0,0.0,0.5,3.76,0.0,0.3,22.56
2,2016-06-01 08:00:51,2016-06-01 08:29:29,1,3.98,-73.983833313,40.676158905,1,N,-74.0137329102,40.7145385742,1,20.5,0.0,0.5,4.26,0.0,0.3,25.56
2,2016-06-01 08:00:51,2016-06-01 08:09:32,1,0.87,-73.9807128906,40.7381095886,1,N,-73.994468689,40.7434692383,1,7.5,0.0,0.5,1.66,0.0,0.3,9.96
2,2016-06-01 08:00:51,2016-06-01 08:16:26,1,1.97,-73.9596252441,40.7710990906,1,N,-73.9740066528,40.7474708557,1,11.5,0.0,0.5,0.0,0.0,0.3,12.3
2,2016-06-01 08:00:51,2016-06-01 08:09:17,1,0.68,-73.9831008911,40.7667884827,1,N,-73.972442627,40.7635993958,1,7.0,0.0,0.5,1.1,0.0,0.3,8.9
1,2016-06-01 08:00:52,2016-06-01 08:08:46,1,0.9,-73.971244812,40.6806907654,1,N,-73.978012085,40.6903572083,1,6.5,0.0,0.5,1.7,0.0,0.3,9.0
1,2016-06-01 08:00:52,2016-06-01 08:11:13,1,1.8,-73.9600067139,40.7736473083,1,N,-73.971496582,40.7510566711,1,9.0,0.0,0.5,2.45,0.0,0.3,12.25
1,2016-06-01 08:00:52,2016-06-01 08:08:37,1,1.0,-73.9386825562,40.8028793335,1,N,-73.9525375366,40.804889679,1,6.5,0.0,0.5,1.0,0.0,0.3,8.3
1,2016-06-01 08:00:52,2016-06-01 08:13:52,1,3.2,-73.9563446045,40.7671775818,1,N,-73.9387435913,40.8050765991,1,12.0,0.0,0.5,2.55,0.0,0.3,15.35
2,2016-06-01 08:00:52,2016-06-01 08:08:33,5,0.56,-73.9713439941,40.7560310364,1,N,-73.9752578735,40.7527580261,2,6.0,0.0,0.5,0.0,0.0,0.3,6.8
2,2016-06-01 08:00:52,2016-06-01 08:16:43,1,2.6,-73.987411499,40.732925415,1,N,-73.9723510742,40.7619552612,1,12.5,0.0,0.5,1.0,0.0,0.3,14.3
2,2016-06-01 08:00:52,2016-06-01 08:23:24,1,4.72,-73.9806137085,40.7635726929,1,N,-74.0139312744,40.7147712708,1,18.5,0.0,0.5,3.86,0.0,0.3,23.16
1,2016-06-01 08:00:53,2016-06-01 08:09:05,1,1.0,-74.0020675659,40.7152404785,1,N,-73.9918365479,40.7259559631,1,7.0,0.0,0.5,0.39,0.0,0.3,8.19
1,2016-06-01 08:00:53,2016-06-01 08:21:14,1,11.6,-73.8627929688,40.7688789368,1,N,-73.7889862061,40.6415290833,1,32.5,0.0,0.5,3.0,0.0,0.3,36.3
1,2016-06-01 08:00:53,2016-06-01 08:17:57,1,6.9,-73.9478149414,40.7751998901,1,N,-74.0113296509,40.7018127441,1,22.0,0.0,0.5,3.0,0.0,0.3,25.8
2,2016-06-01 08:00:53,2016-06-01 08:11:03,2,0.62,-73.9549026489,40.789188385,1,N,-73.9560317993,40.7820205688,1,7.5,0.0,0.5,1.0,0.0,0.3,9.3
2,2016-06-01 08:00:53,2016-06-01 08:28:37,1,2.79,-73.9562835693,40.7680511475,1,N,-73.9901199341,40.7517089844,2,17.5,0.0,0.5,0.0,0.0,0.3,18.3
2,2016-06-01 08:00:53,2016-06-01 08:26:16,1,2.29,-73.9616088867,40.7741508484,1,N,-73.9617233276,40.7741203308,2,16.0,0.0,0.5,0.0,0.0,0.3,16.8
1,2016-06-01 08:00:54,2016-06-01 08:04:47,1,0.9,-73.9722976685,40.7966499329,1,N,-73.9623947144,40.8048248291,1,5.0,0.0,0.5,1.0,0.0,0.3,6.8
1,2016-06-01 08:00:54,2016-06-01 08:19:26,2,3.8,-73.9454574585,40.7784767151,1,N,-73.9765167236,40.7396316528,1,16.0,0.0,0.5,3.35,0.0,0.3,20.15
1,2016-06-01 08:00:54,2016-06-01 08:03:55,1,0.6,-73.993850708,40.736000061,1,N,-73.9950485229,40.729385376,1,4.5,0.0,0.5,0.79,0.0,0.3,6.09
2,2016-06-01 08:03:54,2016-06-01 08:20:41,1,2.14,-74.0034942627,40.7387237549,1,N,-73.9786071777,40.7526779175,1,12.0,0.0,0.5,1.28,0.0,0.3,14.08
2,2016-06-01 08:03:54,2016-06-01 08:20:11,2,0.8,-73.9738693237,40.7491264343,1,N,-73.985206604,40.7528800964,1,10.5,0.0,0.5,2.82,0.0,0.3,14.12
2,2016-06-01 08:03:54,2016-06-01 08:12:40,1,0.68,-73.9982528687,40.7454910278,1,N,-74.0040283203,40.7509269714,2,7.0,0.0,0.5,0.0,0.0,0.3,7.8
1,2016-06-01 08:03:55,2016-06-01 08:28:41,1,3.3,-74.0085906982,40.719997406,1,N,-74.0059509277,40.7436904907,1,16.5,0.0,0.5,1.5,0.0,0.3,18.8
1,2016-06-01 08:03:55,2016-06-01 08:29:23,1,4.8,-73.9909286499,40.7346763611,1,N,-73.9830474854,40.7842254639,1,20.5,0.0,0.5,6.35,0.0,0.3,27.65
1,2016-06-01 08:03:55,2016-06-01 08:21:02,1,1.6,-73.9921417236,40.7642784119,1,N,-73.9957580566,40.7506980896,2,11.5,0.0,0.5,0.0,0.0,0.3,12.3
2,2016-06-01 08:03:55,2016-06-01 08:26:14,1,2.43,-73.9460144043,40.7777252197,1,N,-73.9781112671,40.7770385742,1,14.5,0.0,0.5,2.0,0.0,0.3,17.3
1,2016-06-01 08:03:56,2016-06-01 08:12:43,1,1.4,-73.9990463257,40.7549209595,1,N,-74.0056762695,40.74559021,1,8.0,0.0,0.5,1.75,0.0,0.3,10.55
2,2016-06-01 08:03:56,2016-06-01 08:22:46,1,2.46,-73.9772720337,40.7523117065,1,N,-74.0070571899,40.741519928,1,13.5,0.0,0.5,2.86,0.0,0.3,17.16
2,2016-06-01 08:03:56,2016-06-01 08:09:33,1,0.59,-73.9753952026,40.75548172,1,N,-73.9803314209,40.7591667175,1,5.5,0.0,0.5,0.0,0.0,0.3,6.3
2,2016-06-01 08:03:56,2016-06-01 08:13:39,1,0.74,-73.9830474854,40.7306213379,1,N,-73.9859695435,40.7238807678,1,7.5,0.0,0.5,1.66,0.0,0.3,9.96
1,2016-06-01 08:03:57,2016-06-01 08:07:53,1,0.4,-73.9839172363,40.7262153625,1,N,-73.9892730713,40.7300872803,1,4.5,0.0,0.5,1.05,0.0,0.3,6.35
1,2016-06-01 08:03:57,2016-06-01 08:11:30,2,1.0,0.0,0.0,1,N,0.0,0.0,2,6.5,0.0,0.5,0.0,0.0,0.3,7.3
1,2016-06-01 08:03:57,2016-06-01 08:07:24,1,0.4,-73.9699707031,40.7537994385,1,N,-73.975944519,40.7556724548,1,4.0,0.0,0.5,0.95,0.0,0.3,5.75
1,2016-06-01 08:03:57,2016-06-01 08:11:30,3,0.6,-73.9919052124,40.7459564209,1,N,-74.0005950928,40.7477645874,1,6.5,0.0,0.5,1.45,0.0,0.3,8.75
1,2016-06-01 08:03:57,2016-06-01 08:18:35,1,1.7,-74.0042572021,40.7525596619,1,N,-73.981590271,40.7498512268,2,10.5,0.0,0.5,0.0,0.0,0.3,11.3
1,2016-06-01 08:03:57,2016-06-01 09:19:44,1,17.0,-73.7895812988,40.6469955444,2,N,-73.9861602783,40.747631073,2,52.0,0.0,0.5,0.0,5.54,0.3,58.34
1,2016-06-01 08:03:57,2016-06-01 08:17:43,1,1.3,-73.9908676147,40.7511749268,1,N,-73.9754257202,40.7415084839,1,9.5,0.0,0.5,2.05,0.0,0.3,12.35
2,2016-06-01 08:03:57,2016-06-01 08:19:01,1,1.4,-73.9948577881,40.7399101257,1,N,-73.9799880981,40.7521286011,1,10.5,0.0,0.5,2.26,0.0,0.3,13.56
2,2016-06-01 08:03:57,2016-06-01 08:18:57,1,1.62,-74.0006713867,40.7259407043,1,N,-73.9757080078,40.7170791626,2,11.0,0.0,0.5,0.0,0.0,0.3,11.8
2,2016-06-01 08:03:57,2016-06-01 08:05:19,1,0.29,-73.9709320068,40.7518310547,1,N,-73.9755630493,40.7514915466,2,3.0,0.0,0.5,0.0,0.0,0.3,3.8
1,2016-06-01 08:03:58,2016-06-01 08:10:38,1,0.6,-73.9782943726,40.7544364929,1,N,-73.9688873291,40.7546806335,1,6.0,0.0,0.5,1.35,0.0,0.3,8.15
1,2016-06-01 08:03:58,2016-06-01 08:17:53,1,2.3,-73.9868850708,40.7253112793,1,N,-73.9917144775,40.7487411499,2,11.0,0.0,0.5,0.0,0.0,0.3,11.8
1,2016-06-01 08:03:58,2016-06-01 08:24:35,1,3.2,-73.9658355713,40.7586860657,1,N,-73.9969482422,40.7251930237,1,14.5,0.0,0.5,2.0,0.0,0.3,17.3
1,2016-06-01 08:03:58,2016-06-01 08:09:23,1,1.3,-73.9327774048,40.7955741882,1,N,-73.9431304932,40.7854194641,1,6.5,0.0,0.5,1.8,0.0,0.3,9.1
1,2016-06-01 08:03:58,2016-06-01 08:31:02,2,3.0,-73.9940948486,40.7460975647,1,N,-73.9893341064,40.7482376099,1,17.5,0.0,0.5,3.65,0.0,0.3,21.95
2,2016-06-01 08:03:58,2016-06-01 08:19:27,6,1.86,-73.9939880371,40.7515716553,1,N,-73.9681396484,40.7509689331,1,11.5,0.0,0.5,2.46,0.0,0.3,14.76
2,2016-06-01 08:03:58,2016-06-01 08:15:53,6,1.25,-73.9931335449,40.7280006409,1,N,-73.9941482544,40.7412490845,1,9.0,0.0,0.5,1.96,0.0,0.3,11.76
2,2016-06-01 08:03:58,2016-06-01 08:22:55,6,1.74,-73.9710235596,40.7581100464,1,N,-73.9766616821,40.7393989563,1,12.5,0.0,0.5,3.99,0.0,0.3,17.29
2,2016-06-01 08:03:58,2016-06-01 08:11:48,1,0.64,-73.9746246338,40.7568664551,1,N,-73.9786682129,40.7626419067,1,6.5,0.0,0.5,1.46,0.0,0.3,8.76
2,2016-06-01 08:03:58,2016-06-01 08:04:52,1,0.23,-73.9823455811,40.7456932068,1,N,-73.9803466797,40.7483711243,1,3.0,0.0,0.5,1.14,0.0,0.3,4.94
1,2016-06-01 08:03:59,2016-06-01 08:11:18,1,0.9,-73.9624176025,40.773475647,1,N,-73.9568252563,40.7832336426,2,6.5,0.0,0.5,0.0,0.0,0.3,7.3
1,2016-06-01 08:03:59,2016-06-01 08:10:45,1,1.0,-74.0107040405,40.7094306946,1,N,-74.0055618286,40.7069854736,2,6.5,0.0,0.5,0.0,0.0,0.3,7.3
1,2016-06-01 08:03:59,2016-06-01 08:19:48,1,1.9,-73.9944000244,40.7192573547,1,N,-73.9956436157,40.7270202637,2,11.5,0.0,0.5,0.0,0.0,0.3,12.3
2,2016-06-01 08:03:59,2016-06-01 08:09:57,2,1.26,-73.9765777588,40.733581543,1,N,-73.9894866943,40.7341384888,1,6.5,0.0,0.5,1.82,0.0,0.3,9.12
2,2016-06-01 08:03:59,2016-06-01 08:11:49,6,0.76,-73.9789505005,40.7451286316,1,N,-73.9863891602,40.7513999939,1,6.5,0.0,0.5,1.46,0.0,0.3,8.76
1,2016-06-01 08:04:00,2016-06-01 08:12:49,1,0.9,-73.9338226318,40.8542518616,1,N,-73.9398574829,40.8412666321,1,7.5,0.0,0.5,1.66,0.0,0.3,9.96
1,2016-06-01 08:04:00,2016-06-01 08:22:30,1,10.4,-73.9635467529,40.7549667358,1,N,-73.8611831665,40.7677764893,1,29.5,0.0,0.5,7.15,5.54,0.3,42.99
1,2016-06-01 08:00:54,2016-06-01 08:04:59,1,0.8,-73.9576873779,40.7828903198,1,N,-73.9691238403,40.7852478027,2,5.0,0.0,0.5,0.0,0.0,0.3,5.8
2,2016-06-01 08:00:54,2016-06-01 08:08:59,1,1.42,-74.0000610352,40.742931366,1,N,-73.9815673828,40.7463912964,1,7.5,0.0,0.5,1.66,0.0,0.3,9.96
2,2016-06-01 08:00:54,2016-06-01 08:06:25,5,0.87,-74.0055465698,40.7482681274,1,N,-74.0080413818,40.7401618958,2,5.5,0.0,0.5,0.0,0.0,0.3,6.3
1,2016-06-01 08:00:55,2016-06-01 08:19:27,2,4.1,-73.9250183105,40.7734222412,1,N,-73.9723205566,40.7497215271,1,16.0,0.0,0.5,3.0,0.0,0.3,19.8
1,2016-06-01 08:00:55,2016-06-01 08:50:55,1,5.9,-73.9265289307,40.7656173706,1,N,-73.994430542,40.7502174377,1,31.5,0.0,0.5,3.0,5.54,0.3,40.84
2,2016-06-01 08:00:55,2016-06-01 08:04:32,1,0.62,-73.9781570435,40.7456016541,1,N,-73.9725112915,40.7532691956,1,4.5,0.0,0.5,1.0,0.0,0.3,6.3
2,2016-06-01 08:00:55,2016-06-01 08:07:28,1,1.31,-73.9280776978,40.7697486877,1,N,-73.9422988892,40.7542495728,1,6.5,0.0,0.5,3.0,0.0,0.3,10.3
2,2016-06-01 08:00:55,2016-06-01 08:05:18,1,0.5,-73.9813461304,40.7639846802,1,N,-73.9861526489,40.7571334839,2,5.0,0.0,0.5,0.0,0.0,0.3,5.8
1,2016-06-01 08:00:56,2016-06-01 08:08:22,3,1.3,-73.9622879028,40.7672538757,1,N,-73.9493484497,40.7813720703,1,7.0,0.0,0.5,1.5,0.0,0.3,9.3
1,2016-06-01 08:00:56,2016-06-01 08:28:34,1,7.3,-73.9850311279,40.687046051,1,N,-73.9757156372,40.7550544739,1,24.5,0.0,0.5,6.5,0.0,0.3,31.8
2,2016-06-01 08:00:56,2016-06-01 08:12:13,5,1.69,-73.9785919189,40.7776107788,1,N,-73.9696273804,40.762298584,1,9.5,0.0,0.5,2.06,0.0,0.3,12.36
2,2016-06-01 08:00:56,2016-06-01 08:20:17,2,2.31,-73.9937515259,40.7415885925,1,N,-73.9712677002,40.7652893066,1,13.5,0.0,0.5,3.58,0.0,0.3,17.88
1,2016-06-01 08:00:57,2016-06-01 08:04:28,1,0.9,-74.0102081299,40.711681366,1,N,-74.0047683716,40.7240524292,1,5.0,0.0,0.5,1.15,0.0,0.3,6.95
1,2016-06-01 08:00:57,2016-06-01 08:05:42,1,0.6,-73.9536437988,40.7672424316,1,N,-73.961151123,40.7651176453,1,5.0,0.0,0.5,1.15,0.0,0.3,6.95
2,2016-06-01 08:00:57,2016-06-01 08:12:59,3,1.64,-73.9755783081,40.7513885498,1,N,-73.9743804932,40.7367897034,1,9.5,0.0,0.5,2.06,0.0,0.3,12.36
2,2016-06-01 08:00:57,2016-06-01 08:23:42,1,3.93,-73.9505615234,40.7749481201,1,N,-73.9818267822,40.74010849,2,18.0,0.0,0.5,0.0,0.0,0.3,18.8
1,2016-06-01 08:00:58,2016-06-01 08:10:34,1,1.6,-73.9919281006,40.7598342896,1,N,-73.9743804932,40.75989151,1,8.0,0.0,0.5,2.2,0.0,0.3,11.0
1,2016-06-01 08:00:58,2016-06-01 08:15:25,1,1.5,-73.9907913208,40.7577133179,1,N,-73.971534729,40.7634468079,1,10.5,0.0,0.5,2.25,0.0,0.3,13.55
1,2016-06-01 08:00:58,2016-06-01 08:04:37,1,0.4,-73.9710540771,40.761806488,1,N,-73.9752426147,40.7559394836,1,4.5,0.0,0.5,1.06,0.0,0.3,6.36
1,2016-06-01 08:00:58,2016-06-01 08:07:37,1,0.4,-73.9541015625,40.7787704468,1,N,-73.9574508667,40.7826042175,1,6.0,0.0,0.5,1.7,0.0,0.3,8.5
2,2016-06-01 08:00:58,2016-06-01 08:34:48,6,5.29,-73.9944458008,40.6899909973,1,N,-74.0068817139,40.7512969971,1,24.5,0.0,0.5,3.0,0.0,0.3,28.3
2,2016-06-01 08:00:58,2016-06-01 08:20:54,1,8.17,-73.9472885132,40.7756309509,1,N,-74.0131835938,40.7127952576,1,25.5,0.0,0.5,2.0,0.0,0.3,28.3
2,2016-06-01 08:00:58,2016-06-01 08:21:57,1,3.54,-73.9782333374,40.7521286011,1,N,-74.0103302002,40.7201690674,1,16.0,0.0,0.5,2.0,0.0,0.3,18.8
2,2016-06-01 08:00:58,2016-06-01 08:10:52,1,0.91,-73.9872436523,40.7453689575,1,N,-73.989402771,40.7544403076,1,7.5,0.0,0.5,1.66,0.0,0.3,9.96
2,2016-06-01 08:00:58,2016-06-01 08:11:14,1,0.9,-74.0019073486,40.7508087158,1,N,-73.9886932373,40.7487411499,1,8.0,0.0,0.5,1.76,0.0,0.3,10.56
2,2016-06-01 08:00:58,2016-06-01 08:16:45,1,3.07,-73.9916534424,40.7450408936,1,N,-74.0138397217,40.7143707275,2,13.5,0.0,0.5,0.0,0.0,0.3,14.3
1,2016-06-01 08:00:59,2016-06-01 08:07:30,1,0.7,-73.9646759033,40.7731895447,1,N,-73.9580841064,40.7820129395,1,6.0,0.0,0.5,1.0,0.0,0.3,7.8
1,2016-06-01 08:00:59,2016-06-01 08:38:11,1,21.6,-73.9789505005,40.752910614,2,N,-73.7835540771,40.6485443115,1,52.0,0.0,0.5,3.0,8.0,0.3,63.8
2,2016-06-01 08:00:59,2016-06-01 08:25:30,1,3.41,-74.0097808838,40.721408844,1,N,-73.9776382446,40.7553215027,1,17.0,0.0,0.5,3.56,0.0,0.3,21.36
2,2016-06-01 08:00:59,2016-06-01 08:08:44,5,0.69,-73.9657745361,40.7623214722,1,N,-73.9578094482,40.7651748657,1,6.5,0.0,0.5,1.82,0.0,0.3,9.12
2,2016-06-01 08:00:59,2016-06-01 08:20:54,2,2.13,-74.0032958984,40.751411438,1,N,-73.9762649536,40.7517929077,1,13.5,0.0,0.5,2.14,0.0,0.3,16.44
2,2016-06-01 08:00:59,2016-06-01 08:05:58,1,0.88,-73.9812088013,40.7472572327,1,N,-73.9901428223,40.7380256653,1,5.5,0.0,0.5,0.0,0.0,0.3,6.3
